gender,married,dependents,education,self_employed,applicant_income,coapplicant_income,loan_amount,loan_amount_term,credit_history,property_area,loan_status,total_income,emi_ratio,income_to_loan,loan_amount_log,total_income_log
Male,No,0,Graduate,No,5849,0.0,128.0,360.0,1.0,Urban,Y,5849.0,0.021884082749187895,45.6953125,4.859812404361672,8.674196940225903
Male,Yes,1,Graduate,No,4583,1508.0,128.0,360.0,1.0,Rural,N,6091.0,0.0210146117222131,47.5859375,4.859812404361672,8.714731714015052
Male,Yes,0,Graduate,Yes,3000,0.0,66.0,360.0,1.0,Urban,Y,3000.0,0.022,45.45454545454545,4.204692619390966,8.006700845440367
Male,Yes,0,Not Graduate,No,2583,2358.0,120.0,360.0,1.0,Urban,Y,4941.0,0.024286581663630843,41.175,4.795790545596741,8.505525386548555
Male,No,0,Graduate,No,6000,0.0,141.0,360.0,1.0,Urban,Y,6000.0,0.0235,42.5531914893617,4.955827057601261,8.699681400989514
Male,Yes,2,Graduate,Yes,5417,4196.0,267.0,360.0,1.0,Urban,Y,9613.0,0.027774888172266723,36.00374531835206,5.5909869805108565,9.170975648453906
Male,Yes,0,Not Graduate,No,2333,1516.0,95.0,360.0,1.0,Urban,Y,3849.0,0.024681735515718367,40.51578947368421,4.564348191467836,8.25582842728183
Male,Yes,3,Graduate,No,3036,2504.0,158.0,360.0,0.0,Semiurban,N,5540.0,0.02851985559566787,35.063291139240505,5.0689042022202315,8.61993026886735
Male,Yes,2,Graduate,No,4006,1526.0,168.0,360.0,1.0,Urban,Y,5532.0,0.03036876355748373,32.92857142857143,5.1298987149230735,8.618485442898109
Male,Yes,1,Graduate,No,12841,10968.0,349.0,360.0,1.0,Semiurban,N,23809.0,0.014658322483094628,68.22063037249283,5.857933154483459,10.077860939480908
Male,Yes,2,Graduate,No,3200,700.0,70.0,360.0,1.0,Urban,Y,3900.0,0.017948717948717947,55.714285714285715,4.2626798770413155,8.268988209506656
Male,Yes,2,Graduate,No,2500,1840.0,109.0,360.0,1.0,Urban,Y,4340.0,0.02511520737327189,39.81651376146789,4.700480365792417,8.375860015299594
Male,Yes,2,Graduate,No,3073,8106.0,200.0,360.0,1.0,Urban,Y,11179.0,0.01789068789694964,55.895,5.303304908059076,9.32188174670909
Male,No,0,Graduate,No,1853,2840.0,114.0,360.0,1.0,Rural,N,4693.0,0.024291497975708502,41.166666666666664,4.74493212836325,8.454040376410969
Male,Yes,2,Graduate,No,1299,1086.0,17.0,120.0,1.0,Urban,Y,2385.0,0.007127882599580713,140.2941176470588,2.8903717578961645,7.777373602657861
Male,No,0,Graduate,No,4950,0.0,125.0,360.0,1.0,Urban,Y,4950.0,0.025252525252525252,39.6,4.836281906951478,8.507344855361422
Male,No,1,Not Graduate,No,3596,0.0,100.0,240.0,1.0,Urban,Y,3596.0,0.027808676307007785,35.96,4.61512051684126,8.187855443695623
Female,No,0,Graduate,No,3510,0.0,76.0,360.0,0.0,Urban,N,3510.0,0.021652421652421653,46.18421052631579,4.343805421853684,8.163656176168432
Male,Yes,0,Not Graduate,No,4887,0.0,133.0,360.0,1.0,Rural,N,4887.0,0.027215060364231634,36.744360902255636,4.897839799950911,8.494538500851432
Male,Yes,0,Graduate,No,2600,3500.0,115.0,360.0,1.0,Urban,Y,6100.0,0.018852459016393444,53.04347826086956,4.7535901911063645,8.716207971151853
Male,Yes,0,Not Graduate,No,7660,0.0,104.0,360.0,0.0,Urban,N,7660.0,0.013577023498694517,73.65384615384616,4.653960350157523,8.94389780251682
Male,Yes,1,Graduate,No,5955,5625.0,315.0,360.0,1.0,Urban,Y,11580.0,0.027202072538860103,36.76190476190476,5.755742213586912,9.357121103184378
Male,Yes,0,Not Graduate,No,2600,1911.0,116.0,360.0,0.0,Semiurban,N,4511.0,0.025714919086677012,38.88793103448276,4.762173934797756,8.414495793177895
Male,Yes,2,Not Graduate,No,3365,1917.0,112.0,360.0,0.0,Rural,N,5282.0,0.021204089360090876,47.160714285714285,4.727387818712341,8.572249397164315
Male,Yes,1,Graduate,No,3717,2925.0,151.0,360.0,1.0,Semiurban,N,6642.0,0.02273411623005119,43.98675496688742,5.0238805208462765,8.80131894766524
Male,Yes,0,Graduate,Yes,9560,0.0,191.0,360.0,1.0,Semiurban,Y,9560.0,0.01997907949790795,50.05235602094241,5.2574953720277815,9.165447603085447
Male,Yes,0,Graduate,No,2799,2253.0,122.0,360.0,1.0,Semiurban,Y,5052.0,0.02414885193982581,41.40983606557377,4.812184355372417,8.527737405291909
Male,Yes,2,Not Graduate,No,4226,1040.0,110.0,360.0,1.0,Urban,Y,5266.0,0.020888720091150777,47.872727272727275,4.709530201312334,8.569216219483389
Male,No,0,Not Graduate,No,1442,0.0,35.0,360.0,1.0,Urban,N,1442.0,0.024271844660194174,41.2,3.58351893845611,7.274479558773871
Female,No,2,Graduate,No,3750,2083.0,120.0,360.0,1.0,Semiurban,Y,5833.0,0.020572604148808505,48.608333333333334,4.795790545596741,8.671458150427666
Male,Yes,1,Graduate,No,4166,3369.0,201.0,360.0,1.0,Urban,N,7535.0,0.026675514266755143,37.48756218905473,5.308267697401205,8.927446816256198
Male,No,0,Graduate,No,3167,0.0,74.0,360.0,1.0,Urban,N,3167.0,0.023365961477739186,42.7972972972973,4.31748811353631,8.060855752934316
Male,No,1,Graduate,Yes,4692,0.0,106.0,360.0,1.0,Rural,N,4692.0,0.022591645353793693,44.264150943396224,4.672828834461906,8.453827315794417
Male,Yes,0,Graduate,No,3500,1667.0,114.0,360.0,1.0,Semiurban,Y,5167.0,0.022063092703696534,45.324561403508774,4.74493212836325,8.550241045462437
Male,No,3,Graduate,No,12500,3000.0,320.0,360.0,1.0,Rural,N,15500.0,0.02064516129032258,48.4375,5.771441123130016,9.648659816955295
Male,Yes,0,Graduate,No,2275,2067.0,128.0,360.0,1.0,Urban,Y,4342.0,0.02947950253339475,33.921875,4.859812404361672,8.376320632534823
Male,Yes,0,Graduate,No,1828,1330.0,100.0,360.0,0.0,Urban,N,3158.0,0.031665611146295125,31.58,4.61512051684126,8.058010800802085
Female,Yes,0,Graduate,No,3667,1459.0,144.0,360.0,1.0,Semiurban,Y,5126.0,0.02809207959422552,35.59722222222222,4.976733742420574,8.5422759717837
Male,No,0,Graduate,No,4166,7210.0,184.0,360.0,1.0,Urban,Y,11376.0,0.01617440225035162,61.82608695652174,5.220355825078324,9.339349052539717
Male,No,0,Not Graduate,No,3748,1668.0,110.0,360.0,1.0,Semiurban,Y,5416.0,0.02031019202363368,49.236363636363635,4.709530201312334,8.597297435657898
Male,No,0,Graduate,No,3600,0.0,80.0,360.0,1.0,Urban,N,3600.0,0.022222222222222223,45.0,4.394449154672439,8.188966863648876
Male,No,0,Graduate,No,1800,1213.0,47.0,360.0,1.0,Urban,Y,3013.0,0.015599070693660804,64.1063829787234,3.871201010907891,8.01102337918644
Male,Yes,0,Graduate,No,2400,0.0,75.0,360.0,1.0,Urban,Y,2400.0,0.03125,32.0,4.330733340286331,7.783640596221253
Male,Yes,0,Graduate,No,3941,2336.0,134.0,360.0,1.0,Semiurban,Y,6277.0,0.021347777600764697,46.843283582089555,4.90527477843843,8.744806737401898
Male,Yes,0,Not Graduate,Yes,4695,0.0,96.0,360.0,1.0,Urban,Y,4695.0,0.020447284345047924,48.90625,4.574710978503383,8.454466361507933
Female,No,0,Graduate,No,3410,0.0,88.0,360.0,1.0,Urban,Y,3410.0,0.025806451612903226,38.75,4.48863636973214,8.134760782418645
Male,Yes,1,Graduate,No,5649,0.0,44.0,360.0,1.0,Urban,Y,5649.0,0.007788989201628607,128.38636363636363,3.8066624897703196,8.639410824140487
Male,Yes,0,Graduate,No,5821,0.0,144.0,360.0,1.0,Urban,Y,5821.0,0.02473801752276241,40.423611111111114,4.976733742420574,8.669399124305569
Female,Yes,0,Graduate,No,2645,3440.0,120.0,360.0,0.0,Urban,N,6085.0,0.01972062448644207,50.708333333333336,4.795790545596741,8.713746330456916
Female,No,0,Graduate,No,4000,2275.0,144.0,360.0,1.0,Semiurban,Y,6275.0,0.022948207171314742,43.576388888888886,4.976733742420574,8.744488113852924
Female,Yes,0,Not Graduate,No,1928,1644.0,100.0,360.0,1.0,Semiurban,Y,3572.0,0.027995520716685332,35.72,4.61512051684126,8.181160858023409
Female,No,0,Graduate,No,3086,0.0,120.0,360.0,1.0,Semiurban,Y,3086.0,0.03888528839922229,25.716666666666665,4.795790545596741,8.034955024502159
Female,No,0,Graduate,No,4230,0.0,112.0,360.0,1.0,Semiurban,N,4230.0,0.026477541371158392,37.767857142857146,4.727387818712341,8.350193650720067
Male,Yes,2,Graduate,No,4616,0.0,134.0,360.0,1.0,Urban,N,4616.0,0.02902946273830156,34.44776119402985,4.90527477843843,8.43750042250699
Female,Yes,1,Graduate,Yes,11500,0.0,286.0,360.0,0.0,Urban,N,11500.0,0.024869565217391306,40.20979020979021,5.659482215759621,9.350189267092581
Male,Yes,2,Graduate,No,2708,1167.0,97.0,360.0,1.0,Semiurban,Y,3875.0,0.02503225806451613,39.94845360824742,4.584967478670572,8.262558973010657
Male,Yes,0,Graduate,No,2132,1591.0,96.0,360.0,1.0,Semiurban,Y,3723.0,0.0257856567284448,38.78125,4.574710978503383,8.222553638396958
Male,Yes,0,Graduate,No,3366,2200.0,135.0,360.0,1.0,Rural,N,5566.0,0.024254401724757457,41.22962962962963,4.912654885736052,8.624611588183507
Male,Yes,1,Graduate,No,8080,2250.0,180.0,360.0,1.0,Urban,Y,10330.0,0.017424975798644726,57.388888888888886,5.198497031265826,9.242904362849446
Male,Yes,2,Not Graduate,No,3357,2859.0,144.0,360.0,1.0,Urban,Y,6216.0,0.023166023166023165,43.166666666666664,4.976733742420574,8.735042754269337
Male,Yes,0,Graduate,No,2500,3796.0,120.0,360.0,1.0,Urban,Y,6296.0,0.01905972045743329,52.46666666666667,4.795790545596741,8.747828608488742
Male,Yes,3,Graduate,No,3029,0.0,99.0,360.0,1.0,Urban,Y,3029.0,0.03268405414328161,30.595959595959595,4.605170185988092,8.016317898503415
Male,Yes,0,Not Graduate,Yes,2609,3449.0,165.0,180.0,0.0,Rural,N,6058.0,0.02723671178606801,36.71515151515152,5.111987788356544,8.70930004894499
Male,Yes,1,Graduate,No,4945,0.0,128.0,360.0,0.0,Rural,N,4945.0,0.025884732052578362,38.6328125,4.859812404361672,8.506334448081361
Female,No,0,Graduate,No,4166,0.0,116.0,360.0,0.0,Semiurban,N,4166.0,0.02784445511281805,35.91379310344828,4.762173934797756,8.334951631422454
Male,Yes,0,Graduate,No,5726,4595.0,258.0,360.0,1.0,Semiurban,N,10321.0,0.024997577754093597,40.00387596899225,5.556828061699537,9.242032818708672
Male,No,0,Not Graduate,No,3200,2254.0,126.0,180.0,0.0,Urban,N,5454.0,0.0231023102310231,43.285714285714285,4.844187086458591,8.604287898267172
Male,Yes,1,Graduate,No,10750,0.0,312.0,360.0,1.0,Urban,Y,10750.0,0.02902325581395349,34.455128205128204,5.746203190540153,9.282754052485227
Male,Yes,3,Not Graduate,Yes,7100,0.0,125.0,60.0,1.0,Urban,Y,7100.0,0.017605633802816902,56.8,4.836281906951478,8.867990898182093
Female,No,0,Graduate,No,4300,0.0,136.0,360.0,0.0,Semiurban,N,4300.0,0.03162790697674418,31.61764705882353,4.919980925828125,8.366602832783736
Male,Yes,0,Graduate,No,3208,3066.0,172.0,360.0,1.0,Urban,Y,6274.0,0.027414727446605038,36.47674418604651,5.153291594497779,8.744328763999984
Male,Yes,2,Not Graduate,Yes,1875,1875.0,97.0,360.0,1.0,Semiurban,Y,3750.0,0.025866666666666666,38.65979381443299,4.584967478670572,8.229777750081887
Male,No,0,Graduate,No,3500,0.0,81.0,300.0,1.0,Semiurban,Y,3500.0,0.023142857142857142,43.20987654320987,4.406719247264253,8.160803920954665
Male,Yes,3,Not Graduate,No,4755,0.0,95.0,360.0,0.0,Semiurban,N,4755.0,0.019978969505783387,50.05263157894737,4.564348191467836,8.467162257810672
Male,Yes,3,Graduate,Yes,5266,1774.0,187.0,360.0,1.0,Semiurban,Y,7040.0,0.0265625,37.64705882352941,5.236441962829949,8.859505484519133
Male,No,0,Graduate,No,3750,0.0,113.0,480.0,1.0,Urban,N,3750.0,0.030133333333333335,33.1858407079646,4.736198448394496,8.229777750081887
Male,No,0,Graduate,No,3750,4750.0,176.0,360.0,1.0,Urban,N,8500.0,0.020705882352941178,48.29545454545455,5.176149732573829,9.04793908261736
Male,Yes,1,Graduate,Yes,1000,3022.0,110.0,360.0,1.0,Urban,N,4022.0,0.02734957732471407,36.56363636363636,4.709530201312334,8.299783171949787
Male,Yes,3,Graduate,No,3167,4000.0,180.0,300.0,0.0,Semiurban,N,7167.0,0.025115110925073254,39.81666666666667,5.198497031265826,8.877381954654766
Male,Yes,3,Not Graduate,Yes,3333,2166.0,130.0,360.0,1.0,Semiurban,Y,5499.0,0.02364066193853428,42.3,4.875197323201151,8.612503371220562
Female,No,0,Graduate,No,3846,0.0,111.0,360.0,1.0,Semiurban,Y,3846.0,0.028861154446177848,34.648648648648646,4.718498871295094,8.255048902752295
Male,Yes,1,Graduate,Yes,2395,0.0,128.0,360.0,1.0,Semiurban,Y,2395.0,0.05344467640918581,18.7109375,4.859812404361672,7.78155595923534
Female,Yes,2,Graduate,No,1378,1881.0,167.0,360.0,1.0,Urban,N,3259.0,0.0512427124884934,19.51497005988024,5.123963979403259,8.089482474360754
Male,Yes,0,Graduate,No,6000,2250.0,265.0,360.0,1.0,Semiurban,N,8250.0,0.03212121212121212,31.132075471698112,5.583496308781699,9.018089684104343
Male,Yes,1,Graduate,No,3988,0.0,50.0,240.0,1.0,Urban,Y,3988.0,0.012537612838515547,79.76,3.9318256327243257,8.291295851905407
Male,No,0,Graduate,No,2366,2531.0,136.0,360.0,1.0,Semiurban,Y,4897.0,0.027772105370635083,36.00735294117647,4.919980925828125,8.496582237512113
Male,Yes,2,Not Graduate,No,3333,2000.0,99.0,360.0,1.0,Semiurban,Y,5333.0,0.0185636602287643,53.86868686868687,4.605170185988092,8.58185670474196
Male,Yes,0,Graduate,No,2500,2118.0,104.0,360.0,1.0,Semiurban,Y,4618.0,0.02252057167605024,44.40384615384615,4.653960350157523,8.437933510430605
Male,No,0,Graduate,No,8566,0.0,210.0,360.0,1.0,Urban,Y,8566.0,0.02451552650011674,40.79047619047619,5.351858133476067,9.055672891964043
Male,Yes,0,Graduate,No,5695,4167.0,175.0,360.0,1.0,Semiurban,Y,9862.0,0.017744879334820524,56.354285714285716,5.170483995038151,9.196545660953994
Male,Yes,0,Graduate,No,2958,2900.0,131.0,360.0,1.0,Semiurban,Y,5858.0,0.022362581085694777,44.717557251908396,4.882801922586371,8.675734219544788
Male,Yes,2,Graduate,No,6250,5654.0,188.0,180.0,1.0,Semiurban,Y,11904.0,0.015793010752688172,63.319148936170215,5.241747015059643,9.384713758920963
Male,Yes,2,Not Graduate,No,3273,1820.0,81.0,360.0,1.0,Urban,Y,5093.0,0.015904182210877676,62.876543209876544,4.406719247264253,8.535818655539403
Male,No,0,Graduate,No,4133,0.0,122.0,360.0,1.0,Semiurban,Y,4133.0,0.029518509557222357,33.877049180327866,4.812184355372417,8.327000740241713
Male,No,0,Not Graduate,No,3620,0.0,25.0,120.0,1.0,Semiurban,Y,3620.0,0.006906077348066298,144.8,3.258096538021482,8.19450550976564
Male,No,0,Graduate,No,6782,0.0,128.0,360.0,1.0,Urban,N,6782.0,0.018873488646416987,52.984375,4.859812404361672,8.82217476094608
Female,Yes,0,Graduate,No,2484,2302.0,137.0,360.0,1.0,Semiurban,Y,4786.0,0.028625156707062265,34.934306569343065,4.927253685157205,8.473659189392508
Male,Yes,0,Graduate,No,1977,997.0,50.0,360.0,1.0,Semiurban,Y,2974.0,0.016812373907195696,59.48,3.9318256327243257,7.99799931797973
Male,Yes,0,Not Graduate,No,4188,0.0,115.0,180.0,1.0,Semiurban,Y,4188.0,0.027459407831900668,36.417391304347824,4.7535901911063645,8.340217320947035
Male,Yes,0,Graduate,No,1759,3541.0,131.0,360.0,1.0,Semiurban,Y,5300.0,0.02471698113207547,40.458015267175576,4.882801922586371,8.575650760987806
Male,Yes,2,Not Graduate,No,4288,3263.0,133.0,180.0,1.0,Urban,Y,7551.0,0.01761356111773275,56.774436090225564,4.897839799950911,8.929567707825337
Male,No,0,Graduate,No,4843,3806.0,151.0,360.0,1.0,Semiurban,Y,8649.0,0.017458665741704245,57.27814569536424,5.0238805208462765,9.065314599925925
Male,Yes,0,Graduate,No,13650,0.0,128.0,360.0,1.0,Urban,Y,13650.0,0.009377289377289377,106.640625,4.859812404361672,9.521568058002977
Male,Yes,0,Graduate,No,4652,3583.0,128.0,360.0,1.0,Semiurban,Y,8235.0,0.01554341226472374,64.3359375,4.859812404361672,9.01627006814768
Male,Yes,0,Graduate,No,3816,754.0,160.0,360.0,1.0,Urban,Y,4570.0,0.0350109409190372,28.5625,5.081404364984463,8.427487278331744
Male,Yes,1,Graduate,No,3052,1030.0,100.0,360.0,1.0,Urban,Y,4082.0,0.02449779519843214,40.82,4.61512051684126,8.314587291319576
Male,Yes,2,Graduate,No,11417,1126.0,225.0,360.0,1.0,Urban,Y,12543.0,0.01793829227457546,55.74666666666667,5.420534999272286,9.436997742590188
Male,No,0,Not Graduate,No,7333,0.0,120.0,360.0,1.0,Rural,N,7333.0,0.01636438019909996,61.108333333333334,4.795790545596741,8.900276348631271
Male,Yes,2,Graduate,No,3800,3600.0,216.0,360.0,0.0,Urban,N,7400.0,0.02918918918918919,34.25925925925926,5.37989735354046,8.909370405197466
Male,Yes,3,Not Graduate,No,2071,754.0,94.0,480.0,1.0,Semiurban,Y,2825.0,0.03327433628318584,30.0531914893617,4.553876891600541,7.946617563244473
Male,No,0,Graduate,No,5316,0.0,136.0,360.0,1.0,Urban,Y,5316.0,0.025583145221971408,39.088235294117645,4.919980925828125,8.57866451350434
Female,Yes,0,Graduate,No,2929,2333.0,139.0,360.0,1.0,Semiurban,Y,5262.0,0.026415811478525276,37.856115107913666,4.941642422609304,8.56845648535378
Male,Yes,0,Not Graduate,No,3572,4114.0,152.0,360.0,0.0,Rural,N,7686.0,0.019776216497527973,50.56578947368421,5.030437921392435,8.947285869349132
Female,No,1,Graduate,Yes,7451,0.0,128.0,360.0,1.0,Semiurban,Y,7451.0,0.01717890216078379,58.2109375,4.859812404361672,8.916237731721479
Male,No,0,Graduate,No,5050,0.0,118.0,360.0,1.0,Semiurban,Y,5050.0,0.023366336633663366,42.79661016949152,4.77912349311153,8.527341522468053
Male,Yes,1,Graduate,No,14583,0.0,185.0,180.0,1.0,Rural,Y,14583.0,0.012686004251525749,78.82702702702703,5.225746673713202,9.5876803163585
Female,Yes,0,Graduate,No,3167,2283.0,154.0,360.0,1.0,Semiurban,Y,5450.0,0.028256880733944955,35.38961038961039,5.043425116919247,8.603554357064281
Male,Yes,1,Graduate,No,2214,1398.0,85.0,360.0,1.0,Urban,Y,3612.0,0.02353266888150609,42.49411764705882,4.454347296253507,8.19229373114764
Male,Yes,0,Graduate,No,5568,2142.0,175.0,360.0,1.0,Rural,N,7710.0,0.022697795071335927,44.05714285714286,5.170483995038151,8.95040315983296
Female,No,0,Graduate,No,10408,0.0,259.0,360.0,1.0,Urban,Y,10408.0,0.024884704073789392,40.18532818532819,5.560681631015528,9.250426095515468
Male,Yes,0,Graduate,No,5667,2667.0,180.0,360.0,1.0,Rural,Y,8334.0,0.02159827213822894,46.3,5.198497031265826,9.028218795184895
Female,No,0,Graduate,No,4166,0.0,44.0,360.0,1.0,Semiurban,Y,4166.0,0.01056168987037926,94.68181818181819,3.8066624897703196,8.334951631422454
Female,No,0,Graduate,No,2137,8980.0,137.0,360.0,0.0,Semiurban,Y,11117.0,0.01232346856166232,81.14598540145985,4.927253685157205,9.316320695513415
Male,Yes,2,Graduate,No,2957,0.0,81.0,360.0,1.0,Semiurban,Y,2957.0,0.027392627663172135,36.50617283950617,4.406719247264253,7.992268643270745
Male,Yes,0,Not Graduate,No,4300,2014.0,194.0,360.0,1.0,Rural,Y,6314.0,0.030725372188786824,32.54639175257732,5.272999558563747,8.750683034784592
Female,No,0,Graduate,No,3692,0.0,93.0,360.0,1.0,Rural,Y,3692.0,0.025189599133261104,39.69892473118279,4.543294782270004,8.214194414852564
Male,Yes,3,Graduate,No,23803,0.0,370.0,360.0,1.0,Rural,Y,23803.0,0.015544259127000798,64.33243243243243,5.916202062607435,10.077608912764743
Male,No,0,Graduate,No,3865,1640.0,128.0,360.0,1.0,Rural,Y,5505.0,0.023251589464123524,43.0078125,4.859812404361672,8.613593685702552
Male,Yes,1,Graduate,Yes,10513,3850.0,160.0,180.0,0.0,Urban,N,14363.0,0.011139734038849823,89.76875,5.081404364984463,9.572480355345974
Male,Yes,0,Graduate,No,6080,2569.0,182.0,360.0,1.0,Rural,N,8649.0,0.021042895132385248,47.52197802197802,5.209486152841421,9.065314599925925
Male,No,0,Graduate,Yes,20166,0.0,650.0,480.0,1.0,Urban,Y,20166.0,0.03223247049489239,31.024615384615384,6.478509642208569,9.911802884139842
Male,No,0,Graduate,No,2014,1929.0,74.0,360.0,1.0,Urban,Y,3943.0,0.018767435962465127,53.28378378378378,4.31748811353631,8.279950715722526
Male,No,0,Graduate,No,2718,0.0,70.0,360.0,1.0,Semiurban,Y,2718.0,0.025754231052244298,38.82857142857143,4.2626798770413155,7.908019444632471
Male,Yes,0,Graduate,Yes,3459,0.0,25.0,120.0,1.0,Semiurban,Y,3459.0,0.007227522405319456,138.36,3.258096538021482,8.14902386805177
Male,No,0,Graduate,No,4895,0.0,102.0,360.0,1.0,Semiurban,Y,4895.0,0.020837589376915218,47.990196078431374,4.634728988229636,8.496173824192162
Male,Yes,3,Graduate,No,4000,7750.0,290.0,360.0,1.0,Semiurban,N,11750.0,0.02468085106382979,40.51724137931034,5.673323267171493,9.371693622333941
Female,Yes,0,Graduate,No,4583,0.0,84.0,360.0,1.0,Rural,N,4583.0,0.0183286057167794,54.55952380952381,4.442651256490317,8.430327258394575
Male,Yes,2,Graduate,Yes,3316,3500.0,88.0,360.0,1.0,Urban,Y,6816.0,0.012910798122065728,77.45454545454545,4.48863636973214,8.827174771362785
Male,No,0,Graduate,No,14999,0.0,242.0,360.0,0.0,Semiurban,N,14999.0,0.016134408960597372,61.97933884297521,5.493061443340548,9.615805480084347
Male,Yes,2,Not Graduate,No,4200,1430.0,129.0,360.0,1.0,Rural,N,5630.0,0.022912966252220248,43.64341085271318,4.867534450455582,8.636042325254618
Male,Yes,2,Graduate,No,5042,2083.0,185.0,360.0,1.0,Rural,N,7125.0,0.025964912280701753,38.513513513513516,5.225746673713202,8.871505346165781
Male,No,0,Graduate,No,5417,0.0,168.0,360.0,1.0,Urban,Y,5417.0,0.031013476093778844,32.24404761904762,5.1298987149230735,8.59748202264504
Male,No,0,Graduate,Yes,6950,0.0,175.0,180.0,1.0,Semiurban,Y,6950.0,0.025179856115107913,39.714285714285715,5.170483995038151,8.846640813100485
Male,Yes,0,Graduate,No,2698,2034.0,122.0,360.0,1.0,Semiurban,Y,4732.0,0.02578191039729501,38.78688524590164,4.812184355372417,8.462314529906248
Male,Yes,2,Graduate,No,11757,0.0,187.0,180.0,1.0,Urban,Y,11757.0,0.01590541804882198,62.8716577540107,5.236441962829949,9.3722891389622
Female,Yes,0,Graduate,No,2330,4486.0,100.0,360.0,1.0,Semiurban,Y,6816.0,0.014671361502347418,68.16,4.61512051684126,8.827174771362785
Female,Yes,2,Graduate,No,14866,0.0,70.0,360.0,1.0,Urban,Y,14866.0,0.0047087313332436435,212.37142857142857,4.2626798770413155,9.60689927061335
Male,Yes,1,Graduate,No,1538,1425.0,30.0,360.0,1.0,Urban,Y,2963.0,0.010124873439082012,98.76666666666667,3.4339872044851463,7.994294986415977
Female,No,0,Graduate,No,10000,1666.0,225.0,360.0,1.0,Rural,N,11666.0,0.019286816389507973,51.84888888888889,5.420534999272286,9.364519622823858
Male,Yes,0,Graduate,No,4860,830.0,125.0,360.0,1.0,Semiurban,Y,5690.0,0.021968365553602813,45.52,4.836281906951478,8.646641258603124
Male,No,0,Graduate,No,6277,0.0,118.0,360.0,0.0,Rural,N,6277.0,0.018798789230524134,53.19491525423729,4.77912349311153,8.744806737401898
Male,Yes,0,Graduate,Yes,2577,3750.0,152.0,360.0,1.0,Rural,Y,6327.0,0.024024024024024024,41.625,5.030437921392435,8.75273950944749
Male,No,0,Graduate,No,9166,0.0,244.0,360.0,1.0,Urban,N,9166.0,0.026620117826751038,37.5655737704918,5.501258210544727,9.123365357961776
Male,Yes,2,Not Graduate,No,2281,0.0,113.0,360.0,1.0,Rural,N,2281.0,0.049539675580885574,20.1858407079646,4.736198448394496,7.732807530422021
Male,No,0,Graduate,No,3254,0.0,50.0,360.0,1.0,Urban,Y,3254.0,0.015365703749231715,65.08,3.9318256327243257,8.08794755464267
Male,Yes,3,Graduate,No,39999,0.0,600.0,180.0,0.0,Semiurban,Y,39999.0,0.015000375009375235,66.665,6.398594934535208,10.596634733096073
Male,Yes,1,Graduate,No,6000,0.0,160.0,360.0,1.0,Rural,Y,6000.0,0.02666666666666667,37.5,5.081404364984463,8.699681400989514
Male,Yes,1,Graduate,No,9538,0.0,187.0,360.0,1.0,Urban,Y,9538.0,0.019605787376808556,51.00534759358289,5.236441962829949,9.163143937145207
Male,No,0,Graduate,No,2980,2083.0,120.0,360.0,1.0,Rural,Y,5063.0,0.023701362828362632,42.19166666666667,4.795790545596741,8.529911963824013
Male,Yes,0,Graduate,No,4583,5625.0,255.0,360.0,1.0,Semiurban,Y,10208.0,0.02498040752351097,40.03137254901961,5.545177444479562,9.231024963169016
Male,Yes,0,Not Graduate,No,1863,1041.0,98.0,360.0,1.0,Semiurban,Y,2904.0,0.0337465564738292,29.632653061224488,4.59511985013459,7.974188669286011
Male,Yes,0,Graduate,No,7933,0.0,275.0,360.0,1.0,Urban,N,7933.0,0.03466532207235598,28.847272727272728,5.62040086571715,8.978912601074276
Male,Yes,1,Graduate,No,3089,1280.0,121.0,360.0,0.0,Semiurban,N,4369.0,0.027695124742504004,36.107438016528924,4.804021044733257,8.382518288089635
Male,Yes,2,Graduate,No,4167,1447.0,158.0,360.0,1.0,Rural,Y,5614.0,0.028143925899536872,35.53164556962025,5.0689042022202315,8.633196867172543
Male,Yes,0,Graduate,No,9323,0.0,75.0,180.0,1.0,Urban,Y,9323.0,0.008044620830204869,124.30666666666667,4.330733340286331,9.140347000155648
Male,Yes,0,Graduate,No,3707,3166.0,182.0,360.0,1.0,Rural,Y,6873.0,0.02648043067074058,37.76373626373626,5.209486152841421,8.835501457409778
Female,Yes,0,Graduate,No,4583,0.0,112.0,360.0,1.0,Rural,N,4583.0,0.02443814095570587,40.919642857142854,4.727387818712341,8.430327258394575
Male,Yes,0,Graduate,No,2439,3333.0,129.0,360.0,1.0,Rural,Y,5772.0,0.02234927234927235,44.74418604651163,4.867534450455582,8.660947155060933
Male,No,0,Graduate,No,2237,0.0,63.0,480.0,0.0,Semiurban,N,2237.0,0.028162717925793473,35.507936507936506,4.1588830833596715,7.71333788887187
Male,Yes,2,Graduate,No,8000,0.0,200.0,360.0,1.0,Semiurban,Y,8000.0,0.025,40.0,5.303304908059076,8.987321812850125
Male,Yes,0,Not Graduate,No,1820,1769.0,95.0,360.0,1.0,Rural,Y,3589.0,0.026469768737809974,37.77894736842105,4.564348191467836,8.185907481482324
Male,Yes,3,Graduate,No,51763,0.0,700.0,300.0,1.0,Urban,Y,51763.0,0.013523172922744044,73.94714285714285,6.55250788703459,10.85445020594156
Male,Yes,3,Not Graduate,No,3522,0.0,81.0,180.0,1.0,Rural,N,3522.0,0.022998296422487224,43.48148148148148,4.406719247264253,8.167068178341237
Male,Yes,0,Graduate,No,5708,5625.0,187.0,360.0,1.0,Semiurban,Y,11333.0,0.016500485308391422,60.60427807486631,5.236441962829949,9.335562336729565
Male,Yes,0,Not Graduate,Yes,4344,736.0,87.0,360.0,1.0,Semiurban,N,5080.0,0.017125984251968505,58.39080459770115,4.477336814478207,8.533263371593732
Male,Yes,0,Graduate,No,3497,1964.0,116.0,360.0,1.0,Rural,Y,5461.0,0.021241530855154733,47.077586206896555,4.762173934797756,8.60557030203365
Male,Yes,2,Graduate,No,2045,1619.0,101.0,360.0,1.0,Rural,Y,3664.0,0.027565502183406112,36.277227722772274,4.624972813284271,8.206583614320753
Male,Yes,3,Graduate,No,5516,11300.0,495.0,360.0,0.0,Semiurban,N,16816.0,0.029436251189343482,33.971717171717174,6.206575926724928,9.73014555852275
Male,Yes,1,Graduate,No,3750,0.0,116.0,360.0,1.0,Semiurban,Y,3750.0,0.030933333333333334,32.327586206896555,4.762173934797756,8.229777750081887
Male,No,0,Not Graduate,No,2333,1451.0,102.0,480.0,0.0,Urban,N,3784.0,0.026955602536997886,37.09803921568628,4.634728988229636,8.23880116587155
Male,Yes,1,Graduate,No,6400,7250.0,180.0,360.0,0.0,Urban,N,13650.0,0.013186813186813187,75.83333333333333,5.198497031265826,9.521568058002977
Male,No,0,Graduate,No,1916,5063.0,67.0,360.0,1.0,Rural,N,6979.0,0.00960022925920619,104.16417910447761,4.219507705176107,8.850804195756417
Male,Yes,0,Graduate,No,4600,0.0,73.0,180.0,1.0,Semiurban,Y,4600.0,0.015869565217391305,63.013698630136986,4.30406509320417,8.434028950155469
Male,Yes,1,Graduate,No,33846,0.0,260.0,360.0,1.0,Semiurban,N,33846.0,0.00768185309933227,130.1769230769231,5.564520407322694,10.429605648120413
Female,Yes,0,Graduate,No,3625,0.0,108.0,360.0,1.0,Semiurban,Y,3625.0,0.029793103448275862,33.56481481481482,4.6913478822291435,8.195885391314796
Male,Yes,0,Graduate,Yes,39147,4750.0,120.0,360.0,1.0,Semiurban,Y,43897.0,0.0027336720049206094,365.80833333333334,4.795790545596741,10.6896240399389
Male,Yes,1,Graduate,Yes,2178,0.0,66.0,300.0,0.0,Rural,N,2178.0,0.030303030303030304,33.0,4.204692619390966,7.68662133494462
Male,Yes,0,Graduate,No,2383,2138.0,58.0,360.0,1.0,Rural,Y,4521.0,0.012829020128290201,77.94827586206897,4.07753744390572,8.416709652837914
Male,Yes,0,Graduate,Yes,674,5296.0,168.0,360.0,1.0,Rural,Y,5970.0,0.02814070351758794,35.535714285714285,5.1298987149230735,8.694669696546992
Male,Yes,0,Graduate,No,9328,0.0,188.0,180.0,1.0,Rural,Y,9328.0,0.020154373927958835,49.61702127659574,5.241747015059643,9.140883106960962
Male,No,0,Not Graduate,No,4885,0.0,48.0,360.0,1.0,Rural,Y,4885.0,0.009825997952917094,101.77083333333333,3.8918202981106265,8.494129251817686
Male,No,0,Graduate,No,12000,0.0,164.0,360.0,1.0,Semiurban,N,12000.0,0.013666666666666667,73.17073170731707,5.10594547390058,9.392745258631441
Male,Yes,0,Not Graduate,No,6033,0.0,160.0,360.0,1.0,Urban,N,6033.0,0.026520802254268193,37.70625,5.081404364984463,8.705165419719007
Male,No,0,Graduate,No,3858,0.0,76.0,360.0,1.0,Semiurban,Y,3858.0,0.019699326075686883,50.76315789473684,4.343805421853684,8.258163361537619
Male,No,0,Graduate,No,4191,0.0,120.0,360.0,1.0,Rural,Y,4191.0,0.02863278453829635,34.925,4.795790545596741,8.340933226000878
Male,Yes,1,Graduate,No,3125,2583.0,170.0,360.0,1.0,Semiurban,N,5708.0,0.029782761037140854,33.576470588235296,5.14166355650266,8.64979915596426
Male,No,0,Graduate,No,8333,3750.0,187.0,360.0,1.0,Rural,Y,12083.0,0.015476289001075892,64.61497326203208,5.236441962829949,9.399637542506563
Female,No,0,Not Graduate,No,1907,2365.0,120.0,360.0,1.0,Urban,Y,4272.0,0.028089887640449437,35.6,4.795790545596741,8.360071435644025
Female,Yes,0,Graduate,No,3416,2816.0,113.0,360.0,1.0,Semiurban,Y,6232.0,0.01813222079589217,55.150442477876105,4.736198448394496,8.73761303680885
Male,No,0,Graduate,Yes,11000,0.0,83.0,360.0,1.0,Urban,N,11000.0,0.007545454545454545,132.53012048192772,4.430816798843313,9.305741456739435
Male,Yes,1,Not Graduate,No,2600,2500.0,90.0,360.0,1.0,Semiurban,Y,5100.0,0.01764705882352941,56.666666666666664,4.51085950651685,8.537191877922927
Male,No,2,Graduate,No,4923,0.0,166.0,360.0,0.0,Semiurban,Y,4923.0,0.03371927686370099,29.656626506024097,5.117993812416755,8.501876487304344
Male,Yes,3,Not Graduate,No,3992,0.0,128.0,180.0,1.0,Urban,N,3992.0,0.03206412825651302,31.1875,4.859812404361672,8.292298107063221
Male,Yes,1,Not Graduate,No,3500,1083.0,135.0,360.0,1.0,Urban,Y,4583.0,0.029456687759109753,33.94814814814815,4.912654885736052,8.430327258394575
Male,Yes,2,Not Graduate,No,3917,0.0,124.0,360.0,1.0,Semiurban,Y,3917.0,0.03165688026550932,31.588709677419356,4.8283137373023015,8.273336598504486
Female,No,0,Not Graduate,No,4408,0.0,120.0,360.0,1.0,Semiurban,Y,4408.0,0.02722323049001815,36.733333333333334,4.795790545596741,8.391403185357937
Female,No,0,Graduate,No,3244,0.0,80.0,360.0,1.0,Urban,Y,3244.0,0.02466091245376079,40.55,4.394449154672439,8.08487062913819
Male,No,0,Not Graduate,No,3975,2531.0,55.0,360.0,1.0,Rural,Y,6506.0,0.008453735013833385,118.2909090909091,4.02535169073515,8.780633799494984
Male,No,0,Graduate,No,2479,0.0,59.0,360.0,1.0,Urban,Y,2479.0,0.02379991932230738,42.016949152542374,4.0943445622221,7.8160138391590275
Male,No,0,Graduate,No,3418,0.0,127.0,360.0,1.0,Semiurban,N,3418.0,0.0371562317144529,26.913385826771652,4.852030263919617,8.137103389639302
Female,No,0,Graduate,No,10000,0.0,214.0,360.0,1.0,Semiurban,N,10000.0,0.0214,46.728971962616825,5.3706380281276624,9.210440366976517
Male,Yes,3,Graduate,No,3430,1250.0,128.0,360.0,0.0,Semiurban,N,4680.0,0.02735042735042735,36.5625,4.859812404361672,8.45126704130007
Male,Yes,1,Graduate,Yes,7787,0.0,240.0,360.0,1.0,Urban,Y,7787.0,0.030820598433286245,32.44583333333333,5.484796933490655,8.960339366492091
Male,Yes,3,Not Graduate,Yes,5703,0.0,130.0,360.0,1.0,Rural,Y,5703.0,0.02279502016482553,43.86923076923077,4.875197323201151,8.648922962094131
Male,Yes,0,Graduate,No,3173,3021.0,137.0,360.0,1.0,Urban,Y,6194.0,0.022118178882789795,45.21167883211679,4.927253685157205,8.731497794063243
Male,Yes,3,Not Graduate,No,3850,983.0,100.0,360.0,1.0,Semiurban,Y,4833.0,0.02069108214359611,48.33,4.61512051684126,8.483429561263428
Male,Yes,0,Graduate,No,150,1800.0,135.0,360.0,1.0,Rural,N,1950.0,0.06923076923076923,14.444444444444445,4.912654885736052,7.576097340623111
Male,Yes,0,Graduate,No,3727,1775.0,131.0,360.0,1.0,Semiurban,Y,5502.0,0.023809523809523808,42.0,4.882801922586371,8.613048677059759
Male,Yes,2,Graduate,No,5000,0.0,72.0,360.0,0.0,Semiurban,N,5000.0,0.0144,69.44444444444444,4.290459441148391,8.517393171418904
Female,Yes,2,Graduate,No,4283,2383.0,127.0,360.0,1.0,Semiurban,Y,6666.0,0.019051905190519053,52.488188976377955,4.852030263919617,8.80492526261806
Male,Yes,0,Graduate,No,2221,0.0,60.0,360.0,0.0,Urban,N,2221.0,0.0270148581719946,37.016666666666666,4.110873864173311,7.706162970199576
Male,Yes,2,Graduate,No,4009,1717.0,116.0,360.0,1.0,Semiurban,Y,5726.0,0.020258470136220747,49.36206896551724,4.762173934797756,8.652947112393857
Male,No,0,Graduate,No,2971,2791.0,144.0,360.0,1.0,Semiurban,Y,5762.0,0.024991322457480043,40.013888888888886,4.976733742420574,8.659213451436667
Male,Yes,0,Graduate,No,7578,1010.0,175.0,360.0,1.0,Semiurban,Y,8588.0,0.0203772706101537,49.074285714285715,5.170483995038151,9.058237593766226
Male,Yes,0,Graduate,No,6250,0.0,128.0,360.0,1.0,Semiurban,Y,6250.0,0.02048,48.828125,4.859812404361672,8.740496729931813
Male,Yes,0,Graduate,No,3250,0.0,170.0,360.0,1.0,Rural,N,3250.0,0.052307692307692305,19.11764705882353,5.14166355650266,8.086717920303906
Male,Yes,0,Not Graduate,Yes,4735,0.0,138.0,360.0,1.0,Urban,N,4735.0,0.02914466737064414,34.31159420289855,4.9344739331306915,8.462948176563842
Male,Yes,2,Graduate,No,6250,1695.0,210.0,360.0,1.0,Semiurban,Y,7945.0,0.02643171806167401,37.833333333333336,5.351858133476067,8.980423936374544
Male,Yes,0,Graduate,No,4758,0.0,158.0,480.0,1.0,Semiurban,Y,4758.0,0.0332072299285414,30.11392405063291,5.0689042022202315,8.46779284112111
Male,No,0,Graduate,Yes,6400,0.0,200.0,360.0,1.0,Rural,Y,6400.0,0.03125,32.0,5.303304908059076,8.764209507142004
Male,Yes,1,Graduate,No,2491,2054.0,104.0,360.0,1.0,Semiurban,Y,4545.0,0.02288228822882288,43.70192307692308,4.653960350157523,8.422003004412488
Male,Yes,0,Graduate,No,3716,0.0,42.0,180.0,1.0,Rural,Y,3716.0,0.011302475780409042,88.47619047619048,3.7612001156935624,8.220672170297252
Male,No,0,Not Graduate,No,3189,2598.0,120.0,360.0,1.0,Rural,Y,5787.0,0.020736132711249352,48.225,4.795790545596741,8.663542087751374
Female,No,0,Graduate,No,8333,0.0,280.0,360.0,1.0,Semiurban,Y,8333.0,0.03360134405376215,29.760714285714286,5.638354669333745,9.0280988119824
Male,Yes,1,Graduate,No,3155,1779.0,140.0,360.0,1.0,Semiurban,Y,4934.0,0.02837454398054317,35.24285714285714,4.948759890378168,8.504107951867582
Male,Yes,1,Graduate,No,5500,1260.0,170.0,360.0,1.0,Rural,Y,6760.0,0.02514792899408284,39.76470588235294,5.14166355650266,8.818926087090677
Male,Yes,0,Graduate,No,5746,0.0,255.0,360.0,1.0,Urban,N,5746.0,0.04437869822485207,22.533333333333335,5.545177444479562,8.656433258507741
Female,No,0,Graduate,Yes,3463,0.0,122.0,360.0,1.0,Urban,Y,3463.0,0.03522956973722206,28.385245901639344,4.812184355372417,8.150179269682326
Female,No,1,Graduate,No,3812,0.0,112.0,360.0,1.0,Rural,Y,3812.0,0.02938090241343127,34.035714285714285,4.727387818712341,8.246171559857563
Male,Yes,1,Graduate,No,3315,0.0,96.0,360.0,1.0,Semiurban,Y,3315.0,0.02895927601809955,34.53125,4.574710978503383,8.106514516255185
Male,Yes,2,Graduate,No,5819,5000.0,120.0,360.0,1.0,Rural,Y,10819.0,0.01109159811442832,90.15833333333333,4.795790545596741,9.289151552400472
Male,Yes,1,Not Graduate,No,2510,1983.0,140.0,180.0,1.0,Urban,N,4493.0,0.031159581571333184,32.09285714285714,4.948759890378168,8.410498452745275
Male,No,0,Graduate,No,2965,5701.0,155.0,60.0,1.0,Urban,Y,8666.0,0.017885991230094624,55.909677419354836,5.049856007249537,9.067277989134345
Male,Yes,2,Graduate,Yes,6250,1300.0,108.0,360.0,1.0,Rural,Y,7550.0,0.014304635761589404,69.9074074074074,4.6913478822291435,8.929435283803425
Male,Yes,0,Not Graduate,No,3406,4417.0,123.0,360.0,1.0,Semiurban,Y,7823.0,0.01572286846478333,63.60162601626016,4.820281565605037,8.964951211714654
Male,No,0,Graduate,Yes,6050,4333.0,120.0,180.0,1.0,Urban,N,10383.0,0.011557353366079168,86.525,4.795790545596741,9.248021438943871
Male,Yes,2,Graduate,No,9703,0.0,112.0,360.0,1.0,Urban,Y,9703.0,0.011542821807688343,86.63392857142857,4.727387818712341,9.180293450623886
Male,Yes,1,Not Graduate,No,6608,0.0,137.0,180.0,1.0,Urban,Y,6608.0,0.020732445520581115,48.23357664233577,4.927253685157205,8.796187635470453
Male,Yes,1,Graduate,No,2882,1843.0,123.0,480.0,1.0,Semiurban,Y,4725.0,0.02603174603174603,38.41463414634146,4.820281565605037,8.460834457746854
Male,Yes,0,Graduate,No,1809,1868.0,90.0,360.0,1.0,Urban,Y,3677.0,0.024476475387544192,40.855555555555554,4.51085950651685,8.210124405164267
Male,Yes,0,Not Graduate,No,1668,3890.0,201.0,360.0,0.0,Semiurban,N,5558.0,0.0361640878013674,27.65174129353234,5.308267697401205,8.62317351495347
Female,No,2,Graduate,No,3427,0.0,138.0,360.0,1.0,Urban,N,3427.0,0.040268456375838924,24.833333333333332,4.9344739331306915,8.13973227971767
Male,No,0,Not Graduate,Yes,2583,2167.0,104.0,360.0,1.0,Rural,Y,4750.0,0.021894736842105262,45.67307692307692,4.653960350157523,8.46611040118692
Male,Yes,1,Not Graduate,No,2661,7101.0,279.0,180.0,1.0,Semiurban,Y,9762.0,0.02858020897357099,34.98924731182796,5.634789603169249,9.186355009225672
Male,No,0,Graduate,Yes,16250,0.0,192.0,360.0,0.0,Urban,N,16250.0,0.011815384615384615,84.63541666666667,5.262690188904886,9.69590972432601
Female,No,3,Graduate,No,3083,0.0,255.0,360.0,1.0,Rural,Y,3083.0,0.08271164450210834,12.090196078431372,5.545177444479562,8.03398273468322
Male,No,0,Not Graduate,No,6045,0.0,115.0,360.0,0.0,Rural,N,6045.0,0.01902398676592225,52.56521739130435,4.7535901911063645,8.707152175339404
Male,Yes,3,Graduate,No,5250,0.0,94.0,360.0,1.0,Urban,N,5250.0,0.017904761904761906,55.851063829787236,4.553876891600541,8.566173813637858
Male,Yes,0,Graduate,No,14683,2100.0,304.0,360.0,1.0,Rural,N,16783.0,0.018113567300244295,55.20723684210526,5.720311776607412,9.728181330636078
Male,Yes,3,Not Graduate,No,4931,0.0,128.0,360.0,1.0,Semiurban,N,4931.0,0.02595822348408031,38.5234375,4.859812404361672,8.503499864284235
Male,Yes,1,Graduate,No,6083,4250.0,330.0,360.0,1.0,Urban,Y,10333.0,0.03193651408109939,31.312121212121212,5.802118375377063,9.24319470884713
Male,No,0,Graduate,No,2060,2209.0,134.0,360.0,1.0,Semiurban,Y,4269.0,0.03138908409463575,31.85820895522388,4.90527477843843,8.35936910622267
Female,No,1,Graduate,No,3481,0.0,155.0,36.0,1.0,Semiurban,N,3481.0,0.04452743464521689,22.45806451612903,5.049856007249537,8.155362120328135
Female,No,0,Graduate,No,7200,0.0,120.0,360.0,1.0,Rural,Y,7200.0,0.016666666666666666,60.0,4.795790545596741,8.881975184248867
Male,No,0,Graduate,Yes,5166,0.0,128.0,360.0,1.0,Semiurban,Y,5166.0,0.024777390631049168,40.359375,4.859812404361672,8.550047528287184
Male,No,0,Graduate,No,4095,3447.0,151.0,360.0,1.0,Rural,Y,7542.0,0.02002121453195439,49.94701986754967,5.0238805208462765,8.928375259853631
Male,Yes,2,Graduate,No,4708,1387.0,150.0,360.0,1.0,Semiurban,Y,6095.0,0.02461033634126333,40.63333333333333,5.017279836814924,8.715388097366482
Male,Yes,3,Graduate,No,4333,1811.0,160.0,360.0,0.0,Urban,Y,6144.0,0.026041666666666668,38.4,5.081404364984463,8.723394022000136
Female,No,0,Graduate,No,3418,0.0,135.0,360.0,1.0,Rural,N,3418.0,0.03949678174370977,25.31851851851852,4.912654885736052,8.137103389639302
Female,No,1,Graduate,No,2876,1560.0,90.0,360.0,1.0,Urban,Y,4436.0,0.02028854824165915,49.28888888888889,4.51085950651685,8.39773375137891
Female,No,0,Graduate,No,3237,0.0,30.0,360.0,1.0,Urban,Y,3237.0,0.009267840593141797,107.9,3.4339872044851463,8.08271113423758
Male,Yes,0,Graduate,No,11146,0.0,136.0,360.0,1.0,Urban,Y,11146.0,0.012201686703750225,81.95588235294117,4.919980925828125,9.318925682389624
Male,No,0,Graduate,No,2833,1857.0,126.0,360.0,1.0,Rural,Y,4690.0,0.026865671641791045,37.22222222222222,4.844187086458591,8.453401058328458
Male,Yes,0,Graduate,No,2620,2223.0,150.0,360.0,1.0,Semiurban,Y,4843.0,0.03097253768325418,32.28666666666667,5.017279836814924,8.485496104672983
Male,Yes,2,Graduate,No,3900,0.0,90.0,360.0,1.0,Semiurban,Y,3900.0,0.023076923076923078,43.333333333333336,4.51085950651685,8.268988209506656
Male,Yes,1,Graduate,No,2750,1842.0,115.0,360.0,1.0,Semiurban,Y,4592.0,0.02504355400696864,39.93043478260869,4.7535901911063645,8.432288684325794
Male,Yes,0,Graduate,No,3993,3274.0,207.0,360.0,1.0,Semiurban,Y,7267.0,0.02848493188385854,35.106280193236714,5.337538079701318,8.891236429516061
Male,Yes,0,Graduate,No,3103,1300.0,80.0,360.0,1.0,Urban,Y,4403.0,0.018169429934135818,55.0375,4.394449154672439,8.390268497842571
Male,Yes,0,Graduate,No,14583,0.0,436.0,360.0,1.0,Semiurban,Y,14583.0,0.02989782623602825,33.44724770642202,6.07993319509559,9.5876803163585
Female,Yes,0,Not Graduate,No,4100,0.0,124.0,360.0,1.0,Rural,Y,4100.0,0.03024390243902439,33.064516129032256,4.8283137373023015,8.31898612539206
Male,No,1,Not Graduate,Yes,4053,2426.0,158.0,360.0,0.0,Urban,N,6479.0,0.02438647939496836,41.00632911392405,5.0689042022202315,8.776475789346321
Male,Yes,0,Graduate,No,3927,800.0,112.0,360.0,1.0,Semiurban,Y,4727.0,0.0236936746350751,42.205357142857146,4.727387818712341,8.461257559085935
Male,Yes,2,Graduate,No,2301,985.7999878,78.0,180.0,1.0,Urban,Y,3286.7999878,0.023731288879615956,42.13846138205128,4.3694478524670215,8.097973923364721
Female,No,0,Graduate,No,1811,1666.0,54.0,360.0,1.0,Urban,Y,3477.0,0.015530629853321829,64.38888888888889,4.007333185232471,8.154212694914229
Male,Yes,0,Graduate,No,20667,0.0,128.0,360.0,1.0,Rural,N,20667.0,0.006193448492766246,161.4609375,4.859812404361672,9.936341889407075
Male,No,0,Graduate,No,3158,3053.0,89.0,360.0,1.0,Rural,Y,6211.0,0.014329415553051039,69.78651685393258,4.499809670330265,8.734238184268579
Female,No,0,Graduate,Yes,2600,1717.0,99.0,300.0,1.0,Semiurban,N,4317.0,0.022932592077831826,43.60606060606061,4.605170185988092,8.370547611074752
Male,Yes,0,Graduate,No,3704,2000.0,120.0,360.0,1.0,Rural,Y,5704.0,0.021037868162692847,47.53333333333333,4.795790545596741,8.649098262296176
Female,No,0,Graduate,No,4124,0.0,115.0,360.0,1.0,Semiurban,Y,4124.0,0.027885548011639186,35.86086956521739,4.7535901911063645,8.324821298768782
Male,No,0,Graduate,No,9508,0.0,187.0,360.0,1.0,Rural,Y,9508.0,0.019667648296171646,50.844919786096256,5.236441962829949,9.159993997539445
Male,Yes,0,Graduate,No,3075,2416.0,139.0,360.0,1.0,Rural,Y,5491.0,0.025314150427973046,39.50359712230216,4.941642422609304,8.61104776688786
Male,Yes,2,Graduate,No,4400,0.0,127.0,360.0,0.0,Semiurban,N,4400.0,0.028863636363636362,34.645669291338585,4.852030263919617,8.38958706681109
Male,Yes,2,Graduate,No,3153,1560.0,134.0,360.0,1.0,Urban,Y,4713.0,0.028431996605134735,35.17164179104478,4.90527477843843,8.458292083496076
Female,No,0,Graduate,No,5417,0.0,143.0,480.0,0.0,Urban,N,5417.0,0.026398375484585564,37.88111888111888,4.969813299576001,8.59748202264504
Male,Yes,0,Graduate,No,2383,3334.0,172.0,360.0,1.0,Semiurban,Y,5717.0,0.03008570928808816,33.23837209302326,5.153291594497779,8.651374372882257
Male,Yes,3,Graduate,No,4416,1250.0,110.0,360.0,1.0,Urban,Y,5666.0,0.01941404871161313,51.50909090909091,4.709530201312334,8.64241515616962
Male,Yes,1,Graduate,No,6875,0.0,200.0,360.0,1.0,Semiurban,Y,6875.0,0.02909090909090909,34.375,5.303304908059076,8.83579236650274
Female,Yes,1,Graduate,No,4666,0.0,135.0,360.0,1.0,Urban,Y,4666.0,0.028932704672096014,34.56296296296296,4.912654885736052,8.448271745949816
Female,No,0,Graduate,No,5000,2541.0,151.0,480.0,1.0,Rural,N,7541.0,0.020023869513327144,49.94039735099338,5.0238805208462765,8.928242677818302
Male,Yes,1,Graduate,No,2014,2925.0,113.0,360.0,1.0,Urban,N,4939.0,0.02287912532901397,43.70796460176991,4.736198448394496,8.505120610181969
Male,Yes,0,Not Graduate,No,1800,2934.0,93.0,360.0,0.0,Urban,N,4734.0,0.01964512040557668,50.903225806451616,4.543294782270004,8.462737005620179
Male,Yes,0,Not Graduate,No,2875,1750.0,105.0,360.0,1.0,Semiurban,Y,4625.0,0.022702702702702703,44.04761904761905,4.663439094112067,8.439447842791385
Female,No,0,Graduate,No,5000,0.0,132.0,360.0,1.0,Rural,Y,5000.0,0.0264,37.878787878787875,4.890349128221754,8.517393171418904
Male,Yes,1,Graduate,No,1625,1803.0,96.0,360.0,1.0,Urban,Y,3428.0,0.028004667444574097,35.708333333333336,4.574710978503383,8.14002395246292
Male,No,0,Graduate,No,4000,2500.0,140.0,360.0,1.0,Rural,Y,6500.0,0.021538461538461538,46.42857142857143,4.948759890378168,8.77971129020447
Male,No,0,Not Graduate,No,2000,0.0,128.0,360.0,1.0,Urban,N,2000.0,0.064,15.625,4.859812404361672,7.601402334583733
Female,No,0,Graduate,No,3762,1666.0,135.0,360.0,1.0,Rural,Y,5428.0,0.024871039056742816,40.20740740740741,4.912654885736052,8.599510233905452
Female,No,0,Graduate,No,2400,1863.0,104.0,360.0,0.0,Urban,N,4263.0,0.02439596528266479,40.99038461538461,4.653960350157523,8.357962965845681
Male,No,0,Graduate,No,20233,0.0,480.0,360.0,1.0,Rural,N,20233.0,0.02372361982899224,42.15208333333333,6.175867270105761,9.915119636765835
Male,Yes,2,Not Graduate,No,7667,0.0,185.0,360.0,1.0,Rural,Y,7667.0,0.024129385678883526,41.443243243243245,5.225746673713202,8.944811104165534
Female,No,0,Graduate,No,2917,0.0,84.0,360.0,1.0,Semiurban,Y,2917.0,0.028796708947548853,34.726190476190474,4.442651256490317,7.978653729082731
Male,No,0,Not Graduate,No,2927,2405.0,111.0,360.0,1.0,Semiurban,Y,5332.0,0.020817704426106528,48.03603603603604,4.718498871295094,8.581669210600602
Female,No,0,Graduate,No,2507,0.0,56.0,360.0,1.0,Rural,Y,2507.0,0.022337455125648185,44.767857142857146,4.04305126783455,7.827240901752812
Male,Yes,2,Graduate,Yes,5746,0.0,144.0,84.0,1.0,Rural,Y,5746.0,0.025060911938739994,39.90277777777778,4.976733742420574,8.656433258507741
Male,Yes,0,Graduate,No,2473,1843.0,159.0,360.0,1.0,Rural,N,4316.0,0.036839666357738644,27.144654088050313,5.075173815233827,8.370315995555478
Male,Yes,1,Not Graduate,No,3399,1640.0,111.0,180.0,1.0,Urban,Y,5039.0,0.022028180194483032,45.3963963963964,4.718498871295094,8.525161361065415
Male,Yes,2,Graduate,No,3717,0.0,120.0,360.0,1.0,Semiurban,Y,3717.0,0.03228410008071025,30.975,4.795790545596741,8.220941168281389
Male,Yes,0,Graduate,No,2058,2134.0,88.0,360.0,1.0,Urban,Y,4192.0,0.02099236641221374,47.63636363636363,4.48863636973214,8.341171747170762
Female,No,1,Graduate,No,3541,0.0,112.0,360.0,1.0,Semiurban,Y,3541.0,0.031629483196837054,31.616071428571427,4.727387818712341,8.17244681834278
Male,Yes,1,Graduate,Yes,10000,0.0,155.0,360.0,1.0,Rural,N,10000.0,0.0155,64.51612903225806,5.049856007249537,9.210440366976517
Male,Yes,0,Graduate,No,2400,2167.0,115.0,360.0,1.0,Semiurban,Y,4567.0,0.025180643748631486,39.71304347826087,4.7535901911063645,8.426830751335846
Male,Yes,3,Graduate,No,4342,189.0,124.0,360.0,1.0,Semiurban,Y,4531.0,0.027367027146325315,36.54032258064516,4.8283137373023015,8.418918622147897
Male,Yes,2,Not Graduate,No,3601,1590.0,128.0,360.0,1.0,Rural,Y,5191.0,0.024658062030437296,40.5546875,4.859812404361672,8.554874258383926
Female,No,0,Graduate,No,3166,2985.0,132.0,360.0,1.0,Rural,Y,6151.0,0.021459925215412127,46.59848484848485,4.890349128221754,8.72453251118548
Male,Yes,3,Graduate,No,15000,0.0,300.0,360.0,1.0,Rural,Y,15000.0,0.02,50.0,5.707110264748875,9.61587214452889
Male,Yes,1,Graduate,Yes,8666,4983.0,376.0,360.0,0.0,Rural,N,13649.0,0.027547805700051286,36.30053191489362,5.932245187448011,9.521494800613105
Male,No,0,Graduate,No,4917,0.0,130.0,360.0,0.0,Rural,Y,4917.0,0.026438885499288182,37.823076923076925,4.875197323201151,8.500657222776137
Male,Yes,0,Graduate,Yes,5818,2160.0,184.0,360.0,1.0,Semiurban,Y,7978.0,0.023063424417147156,43.358695652173914,5.220355825078324,8.984568369308281
Female,Yes,0,Graduate,No,4333,2451.0,110.0,360.0,1.0,Urban,N,6784.0,0.016214622641509434,61.67272727272727,4.709530201312334,8.82246957226897
Female,No,0,Graduate,No,2500,0.0,67.0,360.0,1.0,Urban,Y,2500.0,0.0268,37.3134328358209,4.219507705176107,7.824445930877619
Male,No,1,Graduate,No,4384,1793.0,117.0,360.0,1.0,Urban,Y,6177.0,0.01894123360854784,52.794871794871796,4.770684624465665,8.728749873478527
Male,No,0,Graduate,No,2935,0.0,98.0,360.0,1.0,Semiurban,Y,2935.0,0.03339011925042589,29.948979591836736,4.59511985013459,7.984803389734406
Male,No,0,Graduate,No,2833,0.0,71.0,360.0,1.0,Urban,Y,2833.0,0.025061771973173313,39.901408450704224,4.276666119016055,7.949444420250626
Male,Yes,0,Graduate,No,63337,0.0,490.0,180.0,1.0,Urban,Y,63337.0,0.007736394208756335,129.25918367346938,6.19644412779452,11.056240743970491
Male,Yes,1,Graduate,Yes,9833,1833.0,182.0,180.0,1.0,Urban,Y,11666.0,0.015600891479513115,64.0989010989011,5.209486152841421,9.364519622823858
Male,Yes,0,Graduate,Yes,5503,4490.0,70.0,360.0,1.0,Semiurban,Y,9993.0,0.007004903432402682,142.75714285714287,4.2626798770413155,9.20974019190415
Male,Yes,1,Graduate,No,5250,688.0,160.0,360.0,1.0,Rural,Y,5938.0,0.02694509936005389,37.1125,5.081404364984463,8.68929604801586
Male,Yes,2,Graduate,Yes,2500,4600.0,176.0,360.0,1.0,Rural,Y,7100.0,0.024788732394366197,40.34090909090909,5.176149732573829,8.867990898182093
Female,No,3,Not Graduate,No,1830,0.0,128.0,360.0,0.0,Urban,N,1830.0,0.06994535519125683,14.296875,4.859812404361672,7.5126175446745105
Female,No,0,Graduate,No,4160,0.0,71.0,360.0,1.0,Semiurban,Y,4160.0,0.01706730769230769,58.59154929577465,4.276666119016055,8.333510708982942
Male,Yes,3,Not Graduate,No,2647,1587.0,173.0,360.0,1.0,Rural,N,4234.0,0.040859707132735006,24.473988439306357,5.159055299214529,8.351138607086154
Female,No,0,Graduate,No,2378,0.0,46.0,360.0,1.0,Rural,N,2378.0,0.01934398654331371,51.69565217391305,3.8501476017100584,7.774435510302958
Male,Yes,1,Not Graduate,No,4554,1229.0,158.0,360.0,1.0,Urban,Y,5783.0,0.027321459450112398,36.60126582278481,5.0689042022202315,8.6628507638386
Male,Yes,3,Not Graduate,No,3173,0.0,74.0,360.0,1.0,Semiurban,Y,3173.0,0.023321777497636306,42.87837837837838,4.31748811353631,8.062747901086354
Male,Yes,2,Graduate,No,2583,2330.0,125.0,360.0,1.0,Rural,Y,4913.0,0.0254427030327702,39.304,4.836281906951478,8.499843553081124
Male,Yes,0,Graduate,No,2499,2458.0,160.0,360.0,1.0,Semiurban,Y,4957.0,0.03227758725035303,30.98125,5.081404364984463,8.508757712595136
Male,Yes,0,Not Graduate,No,3523,3230.0,152.0,360.0,0.0,Rural,N,6753.0,0.02250851473419221,44.42763157894737,5.030437921392435,8.817890200945513
Male,Yes,2,Not Graduate,No,3083,2168.0,126.0,360.0,1.0,Urban,Y,5251.0,0.023995429442011044,41.67460317460318,4.844187086458591,8.566364235422688
Male,Yes,0,Graduate,No,6333,4583.0,259.0,360.0,1.0,Semiurban,Y,10916.0,0.02372663979479663,42.14671814671814,5.560681631015528,9.29807648628027
Male,Yes,0,Graduate,No,2625,6250.0,187.0,360.0,1.0,Rural,Y,8875.0,0.021070422535211266,47.45989304812834,5.236441962829949,9.091106284052485
Male,Yes,0,Graduate,No,9083,0.0,228.0,360.0,1.0,Semiurban,Y,9083.0,0.025101838599581636,39.83771929824562,5.43372200355424,9.114269903225448
Male,No,0,Graduate,No,8750,4167.0,308.0,360.0,1.0,Rural,N,12917.0,0.023844545947201364,41.938311688311686,5.733341276897746,9.466376966592419
Male,Yes,3,Graduate,No,2666,2083.0,95.0,360.0,1.0,Rural,Y,4749.0,0.02000421141292904,49.98947368421052,4.564348191467836,8.465899897028686
Female,Yes,0,Graduate,Yes,5500,0.0,105.0,360.0,0.0,Rural,N,5500.0,0.019090909090909092,52.38095238095238,4.663439094112067,8.612685172875459
Female,Yes,0,Graduate,No,2423,505.0,130.0,360.0,1.0,Semiurban,Y,2928.0,0.04439890710382514,22.523076923076925,4.875197323201151,7.982416346827733
Female,No,0,Graduate,No,3813,0.0,116.0,180.0,1.0,Urban,Y,3813.0,0.03042223970626803,32.87068965517241,4.762173934797756,8.246433786160365
Male,Yes,2,Graduate,No,8333,3167.0,165.0,360.0,1.0,Rural,Y,11500.0,0.014347826086956521,69.6969696969697,5.111987788356544,9.350189267092581
Male,Yes,1,Graduate,No,3875,0.0,67.0,360.0,1.0,Urban,N,3875.0,0.01729032258064516,57.83582089552239,4.219507705176107,8.262558973010657
Male,Yes,0,Not Graduate,No,3000,1666.0,100.0,480.0,0.0,Urban,N,4666.0,0.021431633090441493,46.66,4.61512051684126,8.448271745949816
Male,Yes,3,Graduate,No,5167,3167.0,200.0,360.0,1.0,Semiurban,Y,8334.0,0.023998080153587713,41.67,5.303304908059076,9.028218795184895
Female,No,1,Graduate,No,4723,0.0,81.0,360.0,1.0,Semiurban,N,4723.0,0.017150116451408005,58.30864197530864,4.406719247264253,8.460411177317253
Male,Yes,2,Graduate,No,5000,3667.0,236.0,360.0,1.0,Semiurban,Y,8667.0,0.027229721933771777,36.72457627118644,5.4680601411351315,9.067393362656249
Male,Yes,0,Graduate,No,4750,2333.0,130.0,360.0,1.0,Urban,Y,7083.0,0.01835380488493576,54.48461538461538,4.875197323201151,8.865593998902725
Male,Yes,0,Graduate,No,3013,3033.0,95.0,300.0,1.0,Urban,Y,6046.0,0.0157128680119087,63.642105263157895,4.564348191467836,8.707317560273212
Male,No,0,Graduate,Yes,6822,0.0,141.0,360.0,1.0,Rural,Y,6822.0,0.020668425681618294,48.38297872340426,4.955827057601261,8.828054536815424
Male,No,0,Not Graduate,No,6216,0.0,133.0,360.0,1.0,Rural,N,6216.0,0.021396396396396396,46.73684210526316,4.897839799950911,8.735042754269337
Male,No,0,Graduate,No,2500,0.0,96.0,480.0,1.0,Semiurban,N,2500.0,0.0384,26.041666666666668,4.574710978503383,7.824445930877619
Male,No,0,Graduate,No,5124,0.0,124.0,360.0,0.0,Rural,N,5124.0,0.02419984387197502,41.32258064516129,4.8283137373023015,8.54188580400661
Male,Yes,1,Graduate,No,6325,0.0,175.0,360.0,1.0,Semiurban,Y,6325.0,0.02766798418972332,36.142857142857146,5.170483995038151,8.752423403865594
Male,Yes,0,Graduate,No,19730,5266.0,570.0,360.0,1.0,Rural,N,24996.0,0.022803648583773404,43.85263157894737,6.3473892096560105,10.126511096649761
Female,No,0,Graduate,Yes,15759,0.0,55.0,360.0,1.0,Semiurban,Y,15759.0,0.0034900691668253063,286.5272727272727,4.02535169073515,9.66523036341187
Male,Yes,2,Graduate,No,5185,0.0,155.0,360.0,1.0,Semiurban,Y,5185.0,0.029893924783027964,33.45161290322581,5.049856007249537,8.55371796609861
Male,Yes,2,Graduate,Yes,9323,7873.0,380.0,300.0,1.0,Rural,Y,17196.0,0.02209816236334031,45.252631578947366,5.942799375126701,9.752490228984199
Male,No,1,Graduate,No,3062,1987.0,111.0,180.0,0.0,Urban,N,5049.0,0.021984551396316103,45.486486486486484,4.718498871295094,8.527143522269405
Female,No,0,Graduate,No,2764,1459.0,110.0,360.0,1.0,Urban,Y,4223.0,0.02604783329386692,38.39090909090909,4.709530201312334,8.348537825386098
Male,Yes,0,Graduate,No,4817,923.0,120.0,180.0,1.0,Urban,Y,5740.0,0.020905923344947737,47.833333333333336,4.795790545596741,8.655388690167637
Male,Yes,3,Graduate,No,8750,4996.0,130.0,360.0,1.0,Rural,Y,13746.0,0.009457296668121635,105.73846153846154,4.875197323201151,9.52857589747142
Male,Yes,0,Graduate,No,4310,0.0,130.0,360.0,1.0,Semiurban,Y,4310.0,0.030162412993039442,33.15384615384615,4.875197323201151,8.368925174747135
Male,No,0,Graduate,No,3069,0.0,71.0,480.0,1.0,Urban,N,3069.0,0.023134571521668295,43.225352112676056,4.276666119016055,8.029432840581244
Male,Yes,2,Graduate,No,5391,0.0,130.0,360.0,1.0,Urban,Y,5391.0,0.024114264514932295,41.46923076923077,4.875197323201151,8.592671652592143
Male,Yes,0,Graduate,No,3333,2500.0,128.0,360.0,1.0,Semiurban,Y,5833.0,0.021944111092062405,45.5703125,4.859812404361672,8.671458150427666
Male,No,0,Graduate,No,5941,4232.0,296.0,360.0,1.0,Semiurban,Y,10173.0,0.029096628329892852,34.36824324324324,5.6937321388027,9.22759072538271
Female,No,0,Graduate,No,6000,0.0,156.0,360.0,1.0,Urban,Y,6000.0,0.026,38.46153846153846,5.056245805348308,8.699681400989514
Male,No,0,Graduate,Yes,7167,0.0,128.0,360.0,1.0,Urban,Y,7167.0,0.017859634435607646,55.9921875,4.859812404361672,8.877381954654766
Male,Yes,2,Graduate,No,4566,0.0,100.0,360.0,1.0,Urban,N,4566.0,0.021901007446342532,45.66,4.61512051684126,8.426611813185
Male,No,1,Graduate,No,3667,0.0,113.0,180.0,1.0,Urban,Y,3667.0,0.030815380419961822,32.45132743362832,4.736198448394496,8.207401833376355
Male,No,0,Not Graduate,No,2346,1600.0,132.0,360.0,1.0,Semiurban,Y,3946.0,0.03345159655347187,29.893939393939394,4.890349128221754,8.280711075662847
Male,Yes,0,Not Graduate,No,3010,3136.0,128.0,360.0,0.0,Urban,N,6146.0,0.02082655385616661,48.015625,4.859812404361672,8.72371943690701
Male,Yes,0,Graduate,No,2333,2417.0,136.0,360.0,1.0,Urban,Y,4750.0,0.02863157894736842,34.9264705882353,4.919980925828125,8.46611040118692
Male,Yes,0,Graduate,No,5488,0.0,125.0,360.0,1.0,Rural,Y,5488.0,0.022776967930029153,43.904,4.836281906951478,8.610501368549889
Male,No,3,Graduate,No,9167,0.0,185.0,360.0,1.0,Rural,Y,9167.0,0.020181084324206393,49.55135135135135,5.225746673713202,9.12347443895452
Male,Yes,3,Graduate,No,9504,0.0,275.0,360.0,1.0,Rural,Y,9504.0,0.028935185185185185,34.56,5.62040086571715,9.15957325492253
Male,Yes,0,Graduate,No,2583,2115.0,120.0,360.0,1.0,Urban,Y,4698.0,0.02554278416347382,39.15,4.795790545596741,8.455104999102815
Male,Yes,2,Not Graduate,No,1993,1625.0,113.0,180.0,1.0,Semiurban,Y,3618.0,0.03123272526257601,32.017699115044245,4.736198448394496,8.193953023563742
Male,Yes,2,Graduate,No,3100,1400.0,113.0,360.0,1.0,Urban,Y,4500.0,0.025111111111111112,39.823008849557525,4.736198448394496,8.412054873292933
Male,Yes,2,Graduate,No,3276,484.0,135.0,360.0,1.0,Semiurban,Y,3760.0,0.03590425531914894,27.85185185185185,4.912654885736052,8.232440158470336
Female,No,0,Graduate,No,3180,0.0,71.0,360.0,0.0,Urban,N,3180.0,0.02232704402515723,44.7887323943662,4.276666119016055,8.064950891749143
Male,Yes,0,Graduate,No,3033,1459.0,95.0,360.0,1.0,Urban,Y,4492.0,0.021148708815672306,47.28421052631579,4.564348191467836,8.41027590907016
Male,No,0,Not Graduate,No,3902,1666.0,109.0,360.0,1.0,Rural,Y,5568.0,0.019576149425287355,51.08256880733945,4.700480365792417,8.624970783589669
Female,No,0,Graduate,No,1500,1800.0,103.0,360.0,0.0,Semiurban,N,3300.0,0.031212121212121212,32.03883495145631,4.6443908991413725,8.101980731853192
Male,Yes,2,Not Graduate,No,2889,0.0,45.0,180.0,0.0,Urban,N,2889.0,0.01557632398753894,64.2,3.828641396489095,7.969011781106478
Male,No,0,Not Graduate,No,2755,0.0,65.0,300.0,1.0,Rural,N,2755.0,0.023593466424682397,42.38461538461539,4.189654742026425,7.9215356321335495
Male,No,0,Graduate,No,2500,20000.0,103.0,360.0,1.0,Semiurban,Y,22500.0,0.004577777777777778,218.44660194174756,4.6443908991413725,10.021315031649332
Female,No,0,Not Graduate,No,1963,0.0,53.0,360.0,1.0,Semiurban,Y,1963.0,0.026999490575649515,37.0377358490566,3.9889840465642745,7.582738488914411
Female,No,0,Graduate,Yes,7441,0.0,194.0,360.0,1.0,Rural,N,7441.0,0.026071764547775836,38.355670103092784,5.272999558563747,8.914894908906568
Female,No,0,Graduate,No,4547,0.0,115.0,360.0,1.0,Semiurban,Y,4547.0,0.025291400923685946,39.53913043478261,4.7535901911063645,8.422442854870427
Male,Yes,0,Not Graduate,No,2167,2400.0,115.0,360.0,1.0,Urban,Y,4567.0,0.025180643748631486,39.71304347826087,4.7535901911063645,8.426830751335846
Female,No,0,Not Graduate,No,2213,0.0,66.0,360.0,1.0,Rural,Y,2213.0,0.0298237686398554,33.53030303030303,4.204692619390966,7.7025561132685825
Male,Yes,1,Graduate,No,8300,0.0,152.0,300.0,0.0,Semiurban,N,8300.0,0.018313253012048194,54.60526315789474,5.030437921392435,9.024131268455035
Male,Yes,3,Graduate,No,81000,0.0,360.0,360.0,0.0,Rural,N,81000.0,0.0044444444444444444,225.0,5.8888779583328805,11.302216779257382
Female,No,1,Not Graduate,Yes,3867,0.0,62.0,360.0,1.0,Semiurban,N,3867.0,0.016033100594776313,62.37096774193548,4.143134726391533,8.260492856573185
Male,Yes,0,Graduate,No,6256,0.0,160.0,360.0,1.0,Urban,Y,6256.0,0.02557544757033248,39.1,5.081404364984463,8.741456115998364
Male,Yes,0,Not Graduate,No,6096,0.0,218.0,360.0,0.0,Rural,N,6096.0,0.035761154855643046,27.96330275229358,5.389071729816501,8.715552125907816
Male,Yes,0,Not Graduate,No,2253,2033.0,110.0,360.0,1.0,Rural,Y,4286.0,0.025664955669622024,38.96363636363636,4.709530201312334,8.363342466597977
Female,Yes,0,Not Graduate,No,2149,3237.0,178.0,360.0,0.0,Semiurban,N,5386.0,0.03304864463423691,30.258426966292134,5.187385805840755,8.591743922680534
Female,No,0,Graduate,No,2995,0.0,60.0,360.0,1.0,Urban,Y,2995.0,0.02003338898163606,49.916666666666664,4.110873864173311,8.005033344637111
Female,No,1,Graduate,No,2600,0.0,160.0,360.0,1.0,Urban,N,2600.0,0.06153846153846154,16.25,5.081404364984463,7.8636512654486515
Male,Yes,2,Graduate,Yes,1600,20000.0,239.0,360.0,1.0,Urban,N,21600.0,0.011064814814814816,90.3765690376569,5.480638923341991,9.980494888896912
Male,Yes,0,Graduate,No,1025,2773.0,112.0,360.0,1.0,Rural,Y,3798.0,0.02948920484465508,33.910714285714285,4.727387818712341,8.242493153187626
Male,Yes,0,Graduate,No,3246,1417.0,138.0,360.0,1.0,Semiurban,Y,4663.0,0.029594681535492173,33.789855072463766,4.9344739331306915,8.447628728030327
Male,Yes,0,Graduate,No,5829,0.0,138.0,360.0,1.0,Rural,Y,5829.0,0.023674729799279464,42.23913043478261,4.9344739331306915,8.670772279344538
Female,No,0,Not Graduate,No,2720,0.0,80.0,360.0,0.0,Urban,N,2720.0,0.029411764705882353,34.0,4.394449154672439,7.908754738783246
Male,Yes,0,Graduate,No,1820,1719.0,100.0,360.0,1.0,Urban,Y,3539.0,0.028256569652444195,35.39,4.61512051684126,8.17188200612782
Male,Yes,1,Graduate,No,7250,1667.0,110.0,360.0,0.0,Urban,N,8917.0,0.01233598743972188,81.06363636363636,4.709530201312334,9.095826985187422
Male,Yes,0,Graduate,No,14880,0.0,96.0,360.0,1.0,Semiurban,Y,14880.0,0.0064516129032258064,155.0,4.574710978503383,9.60784051043005
Male,Yes,0,Graduate,No,2666,4300.0,121.0,360.0,1.0,Rural,Y,6966.0,0.01737008326155613,57.570247933884296,4.804021044733257,8.848939995030118
Female,No,1,Not Graduate,No,4606,0.0,81.0,360.0,1.0,Rural,N,4606.0,0.017585757707338254,56.864197530864196,4.406719247264253,8.435332164935916
Male,Yes,2,Graduate,No,5935,0.0,133.0,360.0,1.0,Semiurban,Y,5935.0,0.02240943555181129,44.62406015037594,4.897839799950911,8.688790784847216
Male,Yes,0,Graduate,No,2920,16.12000084,87.0,360.0,1.0,Rural,Y,2936.12000084,0.029630941506174818,33.74850575678161,4.477336814478207,7.9851847886683345
Male,No,0,Not Graduate,No,2717,0.0,60.0,180.0,1.0,Urban,Y,2717.0,0.02208317997791682,45.28333333333333,4.110873864173311,7.907651594711089
Female,No,1,Graduate,Yes,8624,0.0,150.0,360.0,1.0,Semiurban,Y,8624.0,0.017393320964749538,57.49333333333333,5.017279836814924,9.062420241899561
Male,No,0,Graduate,No,6500,0.0,105.0,360.0,0.0,Rural,N,6500.0,0.016153846153846154,61.904761904761905,4.663439094112067,8.77971129020447
Male,No,0,Graduate,No,12876,0.0,405.0,360.0,1.0,Semiurban,Y,12876.0,0.03145386766076421,31.79259259259259,6.0063531596017325,9.463198053273784
Male,Yes,0,Graduate,No,2425,2340.0,143.0,360.0,1.0,Semiurban,Y,4765.0,0.030010493179433367,33.32167832167832,4.969813299576001,8.469262657658687
Male,No,0,Graduate,No,3750,0.0,100.0,360.0,1.0,Urban,Y,3750.0,0.02666666666666667,37.5,4.61512051684126,8.229777750081887
Female,Yes,0,Graduate,No,10047,0.0,128.0,240.0,1.0,Semiurban,Y,10047.0,0.012740121429282374,78.4921875,4.859812404361672,9.21512888870798
Male,No,0,Graduate,No,1926,1851.0,50.0,360.0,1.0,Semiurban,Y,3777.0,0.013238019592268996,75.54,3.9318256327243257,8.236950048061455
Male,Yes,0,Graduate,No,2213,1125.0,128.0,360.0,1.0,Urban,Y,3338.0,0.03834631515877771,26.078125,4.859812404361672,8.113426639943654
Male,No,0,Graduate,Yes,10416,0.0,187.0,360.0,0.0,Urban,N,10416.0,0.0179531490015361,55.70053475935829,5.236441962829949,9.251194365984448
Female,Yes,0,Not Graduate,Yes,7142,0.0,138.0,360.0,1.0,Rural,Y,7142.0,0.019322318678241388,51.7536231884058,4.9344739331306915,8.873888135154973
Male,No,0,Graduate,No,3660,5064.0,187.0,360.0,1.0,Semiurban,Y,8724.0,0.021435121503897293,46.6524064171123,5.236441962829949,9.073947747070628
Male,Yes,0,Graduate,No,7901,1833.0,180.0,360.0,1.0,Rural,Y,9734.0,0.018491884117526197,54.077777777777776,5.198497031265826,9.1834829178063
Male,No,3,Not Graduate,No,4707,1993.0,148.0,360.0,1.0,Semiurban,Y,6700.0,0.02208955223880597,45.270270270270274,5.003946305945459,8.81001204797317
Male,No,1,Graduate,No,37719,0.0,152.0,360.0,1.0,Semiurban,Y,37719.0,0.004029799305389856,248.15131578947367,5.030437921392435,10.537945736747394
Male,Yes,0,Graduate,No,7333,8333.0,175.0,300.0,1.0,Rural,Y,15666.0,0.011170688114387846,89.52,5.170483995038151,9.659311868393488
Male,Yes,1,Graduate,Yes,3466,1210.0,130.0,360.0,1.0,Rural,Y,4676.0,0.027801539777587682,35.96923076923077,4.875197323201151,8.450412157725886
Male,Yes,2,Not Graduate,No,4652,0.0,110.0,360.0,1.0,Rural,Y,4652.0,0.023645743766122097,42.29090909090909,4.709530201312334,8.445267451844648
Male,Yes,0,Graduate,No,3539,1376.0,55.0,360.0,1.0,Rural,N,4915.0,0.011190233977619531,89.36363636363636,4.02535169073515,8.500250470685925
Male,Yes,2,Graduate,No,3340,1710.0,150.0,360.0,0.0,Rural,N,5050.0,0.0297029702970297,33.666666666666664,5.017279836814924,8.527341522468053
Male,No,1,Not Graduate,Yes,2769,1542.0,190.0,360.0,1.0,Semiurban,N,4311.0,0.04407330085826954,22.689473684210526,5.25227342804663,8.369157112588834
Male,Yes,2,Not Graduate,No,2309,1255.0,125.0,360.0,0.0,Rural,N,3564.0,0.035072951739618406,28.512,4.836281906951478,8.178919332848396
Male,Yes,2,Not Graduate,No,1958,1456.0,60.0,300.0,1.0,Urban,Y,3414.0,0.01757469244288225,56.9,4.110873864173311,8.13593277200489
Male,Yes,0,Graduate,No,3948,1733.0,149.0,360.0,0.0,Rural,N,5681.0,0.02622777679985918,38.12751677852349,5.0106352940962555,8.645058562414134
Male,Yes,0,Graduate,No,2483,2466.0,90.0,180.0,0.0,Rural,Y,4949.0,0.018185492018589614,54.98888888888889,4.51085950651685,8.507142855562735
Male,No,0,Graduate,Yes,7085,0.0,84.0,360.0,1.0,Semiurban,Y,7085.0,0.011856033874382499,84.3452380952381,4.442651256490317,8.865876285425417
Male,Yes,2,Graduate,No,3859,0.0,96.0,360.0,1.0,Semiurban,Y,3859.0,0.024876911116869654,40.197916666666664,4.574710978503383,8.258422462458876
Male,Yes,0,Graduate,No,4301,0.0,118.0,360.0,1.0,Urban,Y,4301.0,0.027435480120902116,36.44915254237288,4.77912349311153,8.366835309827675
Male,Yes,0,Graduate,No,3708,2569.0,173.0,360.0,1.0,Urban,N,6277.0,0.027560936753226063,36.283236994219656,5.159055299214529,8.744806737401898
Male,No,2,Graduate,No,4354,0.0,136.0,360.0,1.0,Rural,Y,4354.0,0.03123564538355535,32.01470588235294,4.919980925828125,8.379079889286603
Male,Yes,0,Graduate,No,8334,0.0,160.0,360.0,1.0,Semiurban,N,8334.0,0.01919846412287017,52.0875,5.081404364984463,9.028218795184895
Male,Yes,0,Graduate,Yes,2083,4083.0,160.0,360.0,1.0,Semiurban,Y,6166.0,0.025948751216347713,38.5375,5.081404364984463,8.726967774991493
Male,Yes,3,Graduate,No,7740,0.0,128.0,180.0,1.0,Urban,Y,7740.0,0.016537467700258397,60.46875,4.859812404361672,8.954286157204713
Male,Yes,0,Graduate,No,3015,2188.0,153.0,360.0,1.0,Rural,Y,5203.0,0.02940611185854315,34.00653594771242,5.0369526024136295,8.557182839632397
Female,No,1,Not Graduate,No,5191,0.0,132.0,360.0,1.0,Semiurban,Y,5191.0,0.025428626468888462,39.32575757575758,4.890349128221754,8.554874258383926
Male,No,0,Graduate,No,4166,0.0,98.0,360.0,0.0,Semiurban,N,4166.0,0.023523763802208355,42.51020408163265,4.59511985013459,8.334951631422454
Male,No,0,Graduate,No,6000,0.0,140.0,360.0,1.0,Rural,Y,6000.0,0.023333333333333334,42.857142857142854,4.948759890378168,8.699681400989514
Male,Yes,3,Not Graduate,No,2947,1664.0,70.0,180.0,0.0,Urban,N,4611.0,0.015181088700932552,65.87142857142857,4.2626798770413155,8.436416881388949
Male,Yes,0,Graduate,No,16692,0.0,110.0,360.0,1.0,Semiurban,Y,16692.0,0.006589983225497244,151.74545454545455,4.709530201312334,9.722744748855389
Female,Yes,2,Not Graduate,No,210,2917.0,98.0,360.0,1.0,Semiurban,Y,3127.0,0.03133994243684042,31.908163265306122,4.59511985013459,8.048149101665201
Male,Yes,0,Graduate,No,4333,2451.0,110.0,360.0,1.0,Urban,N,6784.0,0.016214622641509434,61.67272727272727,4.709530201312334,8.82246957226897
Male,Yes,1,Graduate,Yes,3450,2079.0,162.0,360.0,1.0,Semiurban,Y,5529.0,0.02930005425935974,34.129629629629626,5.093750200806762,8.61794309451638
Male,Yes,1,Not Graduate,No,2653,1500.0,113.0,180.0,0.0,Rural,N,4153.0,0.027209246327955693,36.75221238938053,4.736198448394496,8.331827004436057
Male,Yes,3,Graduate,No,4691,0.0,100.0,360.0,1.0,Semiurban,Y,4691.0,0.021317416329140908,46.91,4.61512051684126,8.453614209773367
Female,No,0,Graduate,Yes,2500,0.0,93.0,360.0,1.0,Urban,Y,2500.0,0.0372,26.881720430107528,4.543294782270004,7.824445930877619
Male,No,2,Graduate,No,5532,4648.0,162.0,360.0,1.0,Rural,Y,10180.0,0.015913555992141455,62.839506172839506,5.093750200806762,9.228278517107196
Male,Yes,2,Graduate,Yes,16525,1014.0,150.0,360.0,1.0,Rural,Y,17539.0,0.008552369006214722,116.92666666666666,5.017279836814924,9.772239265926174
Male,Yes,2,Graduate,No,6700,1750.0,230.0,300.0,1.0,Semiurban,Y,8450.0,0.027218934911242602,36.73913043478261,5.442417710521793,9.042040056544483
Male,Yes,2,Graduate,No,2873,1872.0,132.0,360.0,0.0,Semiurban,N,4745.0,0.027818756585879872,35.946969696969695,4.890349128221754,8.465057436995709
Male,Yes,1,Graduate,Yes,16667,2250.0,86.0,360.0,1.0,Semiurban,Y,18917.0,0.004546175397790347,219.96511627906978,4.465908118654584,9.847869128773116
Male,Yes,2,Graduate,No,2947,1603.0,128.0,360.0,1.0,Urban,N,4550.0,0.028131868131868132,35.546875,4.859812404361672,8.423102268016642
Female,No,0,Not Graduate,No,4350,0.0,154.0,360.0,1.0,Rural,Y,4350.0,0.035402298850574714,28.246753246753247,5.043425116919247,8.37816098272068
Male,Yes,3,Not Graduate,No,3095,0.0,113.0,360.0,1.0,Rural,Y,3095.0,0.03651050080775444,27.38938053097345,4.736198448394496,8.037866234709618
Male,Yes,0,Graduate,No,2083,3150.0,128.0,360.0,1.0,Semiurban,Y,5233.0,0.024460156697878845,40.8828125,4.859812404361672,8.562931083090092
Male,Yes,0,Graduate,No,10833,0.0,234.0,360.0,1.0,Semiurban,Y,10833.0,0.02160066463583495,46.294871794871796,5.459585514144159,9.290444616217844
Male,Yes,2,Graduate,No,8333,0.0,246.0,360.0,1.0,Semiurban,Y,8333.0,0.029521180847233888,33.8739837398374,5.5093883366279774,9.0280988119824
Male,Yes,1,Not Graduate,No,1958,2436.0,131.0,360.0,1.0,Rural,Y,4394.0,0.029813381884387802,33.541984732824424,4.882801922586371,8.388222810119277
Male,No,2,Graduate,No,3547,0.0,80.0,360.0,0.0,Rural,N,3547.0,0.02255427121511136,44.3375,4.394449154672439,8.17413934342947
Male,Yes,1,Graduate,No,18333,0.0,500.0,360.0,1.0,Urban,N,18333.0,0.02727322314951181,36.666,6.2166061010848646,9.816512538521721
Male,Yes,2,Graduate,Yes,4583,2083.0,160.0,360.0,1.0,Semiurban,Y,6666.0,0.024002400240024,41.6625,5.081404364984463,8.80492526261806
Male,No,0,Graduate,No,2435,0.0,75.0,360.0,1.0,Urban,N,2435.0,0.030800821355236138,32.46666666666667,4.330733340286331,7.798112628829788
Male,No,0,Not Graduate,No,2699,2785.0,96.0,360.0,1.0,Semiurban,Y,5484.0,0.0175054704595186,57.125,4.574710978503383,8.609772372709331
Male,Yes,1,Not Graduate,No,5333,1131.0,186.0,360.0,1.0,Urban,Y,6464.0,0.028774752475247526,34.75268817204301,5.231108616854587,8.774158291205957
Male,No,0,Not Graduate,No,3691,0.0,110.0,360.0,1.0,Rural,Y,3691.0,0.029802221620157138,33.554545454545455,4.709530201312334,8.213923595622743
Female,No,0,Not Graduate,Yes,17263,0.0,225.0,360.0,1.0,Semiurban,Y,17263.0,0.013033655795632277,76.72444444444444,5.420534999272286,9.756378687497916
Male,Yes,0,Graduate,No,3597,2157.0,119.0,360.0,0.0,Rural,N,5754.0,0.02068126520681265,48.35294117647059,4.787491742782046,8.657824321155983
Female,Yes,1,Graduate,No,3326,913.0,105.0,84.0,1.0,Semiurban,Y,4239.0,0.024769992922859165,40.371428571428574,4.663439094112067,8.352318548226004
Male,Yes,0,Not Graduate,No,2600,1700.0,107.0,360.0,1.0,Rural,Y,4300.0,0.02488372093023256,40.18691588785047,4.68213122712422,8.366602832783736
Male,Yes,0,Graduate,No,4625,2857.0,111.0,12.0,1.0,Urban,Y,7482.0,0.01483560545308741,67.4054054054054,4.718498871295094,8.920389060080359
Male,Yes,1,Graduate,Yes,2895,0.0,95.0,360.0,1.0,Semiurban,Y,2895.0,0.03281519861830743,30.473684210526315,4.564348191467836,7.971085753505607
Male,No,0,Graduate,No,6283,4416.0,209.0,360.0,0.0,Rural,N,10699.0,0.019534535937938125,51.19138755980861,5.3471075307174685,9.277999020449997
Female,No,0,Graduate,No,645,3683.0,113.0,480.0,1.0,Rural,Y,4328.0,0.0261090573012939,38.30088495575221,4.736198448394496,8.37309184744198
Female,No,0,Graduate,No,3159,0.0,100.0,360.0,1.0,Semiurban,Y,3159.0,0.03165558721114277,31.59,4.61512051684126,8.058327306580958
Male,Yes,2,Graduate,No,4865,5624.0,208.0,360.0,1.0,Semiurban,Y,10489.0,0.01983029840785585,50.42788461538461,5.342334251964811,9.258177701390343
Male,Yes,1,Not Graduate,No,4050,5302.0,138.0,360.0,1.0,Rural,N,9352.0,0.014756201881950384,67.76811594202898,4.9344739331306915,9.143452426434552
Male,Yes,0,Not Graduate,No,3814,1483.0,124.0,300.0,1.0,Semiurban,Y,5297.0,0.0234094770624882,42.71774193548387,4.8283137373023015,8.575084669832014
Male,Yes,2,Graduate,No,3510,4416.0,243.0,360.0,1.0,Rural,Y,7926.0,0.030658591975775928,32.617283950617285,5.497168225293202,8.978029932837156
Male,Yes,0,Graduate,No,20833,6667.0,480.0,360.0,1.0,Urban,Y,27500.0,0.017454545454545455,57.291666666666664,6.175867270105761,10.221977646629885
Male,No,0,Graduate,No,3583,0.0,96.0,360.0,1.0,Urban,N,3583.0,0.026793190064192018,37.322916666666664,4.574710978503383,8.18423477409482
Male,Yes,0,Graduate,Yes,2479,3013.0,188.0,360.0,1.0,Urban,Y,5492.0,0.03423160961398398,29.21276595744681,5.241747015059643,8.61122983334262
Female,No,1,Graduate,No,13262,0.0,40.0,360.0,1.0,Urban,Y,13262.0,0.003016136329362087,331.55,3.713572066704308,9.492733482494353
Male,No,0,Not Graduate,No,3598,1287.0,100.0,360.0,1.0,Rural,N,4885.0,0.02047082906857728,48.85,4.61512051684126,8.494129251817686
Male,Yes,1,Graduate,No,6065,2004.0,250.0,360.0,1.0,Semiurban,Y,8069.0,0.030982773577890692,32.276,5.5254529391317835,8.995908761263994
Male,Yes,2,Graduate,No,3283,2035.0,148.0,360.0,1.0,Urban,Y,5318.0,0.027830011282437006,35.932432432432435,5.003946305945459,8.579040594742317
Male,Yes,0,Graduate,No,2130,6666.0,70.0,180.0,1.0,Semiurban,N,8796.0,0.007958162801273306,125.65714285714286,4.2626798770413155,9.082166033252674
Male,No,0,Graduate,No,5815,3666.0,311.0,360.0,1.0,Rural,N,9481.0,0.03280244699926168,30.485530546623796,5.7430031878094825,9.157150543462064
Male,Yes,3,Graduate,No,3466,3428.0,150.0,360.0,1.0,Rural,Y,6894.0,0.02175805047867711,45.96,5.017279836814924,8.838551790227402
Female,Yes,2,Graduate,No,2031,1632.0,113.0,480.0,1.0,Semiurban,Y,3663.0,0.03084903084903085,32.415929203539825,4.736198448394496,8.20631072579402
Male,Yes,0,Not Graduate,No,3074,1800.0,123.0,360.0,0.0,Semiurban,N,4874.0,0.025235945835043086,39.6260162601626,4.820281565605037,8.491875383431948
Male,No,0,Graduate,No,4683,1915.0,185.0,360.0,1.0,Semiurban,N,6598.0,0.02803879963625341,35.66486486486487,5.225746673713202,8.794673401383422
Female,No,0,Not Graduate,No,3400,0.0,95.0,360.0,1.0,Rural,N,3400.0,0.027941176470588237,35.78947368421053,4.564348191467836,8.131824785007195
Male,Yes,2,Not Graduate,No,2192,1742.0,45.0,360.0,1.0,Semiurban,Y,3934.0,0.011438739196746314,87.42222222222222,3.828641396489095,8.277666160851503
Male,No,0,Graduate,No,2500,0.0,55.0,360.0,1.0,Semiurban,Y,2500.0,0.022,45.45454545454545,4.02535169073515,7.824445930877619
Male,Yes,3,Graduate,Yes,5677,1424.0,100.0,360.0,1.0,Rural,Y,7101.0,0.01408252358822701,71.01,4.61512051684126,8.868131713503033
Male,Yes,2,Graduate,Yes,7948,7166.0,480.0,360.0,1.0,Rural,Y,15114.0,0.031758634378721715,31.4875,6.175867270105761,9.623442907213558
Male,No,0,Graduate,No,4680,2087.0,128.0,360.0,1.0,Semiurban,N,6767.0,0.01891532436825772,52.8671875,4.859812404361672,8.81996090128606
Male,Yes,2,Graduate,Yes,17500,0.0,400.0,360.0,1.0,Rural,Y,17500.0,0.022857142857142857,43.75,5.993961427306569,9.770013301136158
Male,Yes,0,Graduate,No,3775,0.0,110.0,360.0,1.0,Semiurban,Y,3775.0,0.02913907284768212,34.31818181818182,4.709530201312334,8.236420527265391
Male,Yes,1,Not Graduate,No,5285,1430.0,161.0,360.0,0.0,Semiurban,Y,6715.0,0.023976172747580043,41.70807453416149,5.087596335232384,8.812248018197431
Male,No,1,Not Graduate,No,2679,1302.0,94.0,360.0,1.0,Semiurban,Y,3981.0,0.02361215774930922,42.351063829787236,4.553876891600541,8.289539484624141
Male,No,0,Not Graduate,No,6783,0.0,130.0,360.0,1.0,Semiurban,Y,6783.0,0.019165560961226596,52.176923076923075,4.875197323201151,8.822322177471738
Male,Yes,0,Graduate,No,1025,5500.0,216.0,360.0,1.0,Rural,Y,6525.0,0.03310344827586207,30.208333333333332,5.37989735354046,8.783549477153265
Male,Yes,3,Graduate,No,4281,0.0,100.0,360.0,1.0,Urban,Y,4281.0,0.023359028264424198,42.81,4.61512051684126,8.362175469149628
Male,No,2,Graduate,No,3588,0.0,110.0,360.0,0.0,Rural,N,3588.0,0.030657748049052396,32.61818181818182,4.709530201312334,8.185628891147607
Male,No,1,Graduate,No,11250,0.0,196.0,360.0,1.0,Semiurban,N,11250.0,0.01742222222222222,57.39795918367347,5.2832037287379885,9.328212292571072
Female,No,0,Not Graduate,Yes,18165,0.0,125.0,360.0,1.0,Urban,Y,18165.0,0.006881365262868153,145.32,4.836281906951478,9.80730699406216
Male,No,0,Not Graduate,No,2550,2042.0,126.0,360.0,1.0,Rural,Y,4592.0,0.027439024390243903,36.44444444444444,4.844187086458591,8.432288684325794
Male,Yes,0,Graduate,No,6133,3906.0,324.0,360.0,1.0,Urban,Y,10039.0,0.03227413088953083,30.984567901234566,5.783825182329737,9.214332393245721
Male,No,2,Graduate,No,3617,0.0,107.0,360.0,1.0,Semiurban,Y,3617.0,0.029582526956040918,33.80373831775701,4.68213122712422,8.193676665955241
Male,Yes,0,Not Graduate,No,2917,536.0,66.0,360.0,1.0,Rural,N,3453.0,0.019113814074717638,52.31818181818182,4.204692619390966,8.147288258706624
Male,Yes,3,Graduate,No,6417,0.0,157.0,180.0,1.0,Rural,Y,6417.0,0.02446626149290946,40.87261146496815,5.062595033026967,8.766861821669803
Female,Yes,1,Graduate,No,4608,2845.0,140.0,180.0,1.0,Semiurban,Y,7453.0,0.018784382128002146,53.23571428571429,4.948759890378168,8.916506080039204
Female,No,0,Graduate,No,2138,0.0,99.0,360.0,0.0,Semiurban,N,2138.0,0.04630495790458372,21.595959595959595,4.605170185988092,7.668093709082406
Female,No,1,Graduate,No,3652,0.0,95.0,360.0,1.0,Semiurban,Y,3652.0,0.026013143483023003,38.44210526315789,4.564348191467836,8.203304026795282
Male,Yes,1,Not Graduate,No,2239,2524.0,128.0,360.0,1.0,Urban,Y,4763.0,0.026873819021625025,37.2109375,4.859812404361672,8.46884293047519
Female,Yes,0,Not Graduate,No,3017,663.0,102.0,360.0,1.0,Semiurban,Y,3680.0,0.027717391304347826,36.07843137254902,4.634728988229636,8.210939733379021
Male,Yes,0,Graduate,No,2768,1950.0,155.0,360.0,1.0,Rural,Y,4718.0,0.03285290377278508,30.438709677419354,5.049856007249537,8.459352191726387
Male,No,0,Not Graduate,No,3358,0.0,80.0,36.0,1.0,Semiurban,N,3358.0,0.023823704586063133,41.975,4.394449154672439,8.119398589612294
Male,No,0,Graduate,No,2526,1783.0,145.0,360.0,1.0,Rural,Y,4309.0,0.03365049895567417,29.717241379310344,4.983606621708336,8.368693183097793
Female,No,0,Graduate,No,5000,0.0,103.0,360.0,0.0,Semiurban,N,5000.0,0.0206,48.54368932038835,4.6443908991413725,8.517393171418904
Male,Yes,0,Graduate,No,2785,2016.0,110.0,360.0,1.0,Rural,Y,4801.0,0.022911893355550928,43.64545454545455,4.709530201312334,8.4767877767812
Male,Yes,2,Graduate,Yes,6633,0.0,128.0,360.0,0.0,Rural,N,6633.0,0.019297452133273028,51.8203125,4.859812404361672,8.799963219506997
Male,Yes,1,Not Graduate,No,2492,2375.0,128.0,360.0,1.0,Rural,Y,4867.0,0.026299568522703924,38.0234375,4.859812404361672,8.490438454107418
Male,Yes,1,Graduate,No,3333,3250.0,158.0,360.0,1.0,Urban,Y,6583.0,0.024001215251405136,41.664556962025316,5.0689042022202315,8.792397742356906
Male,Yes,0,Not Graduate,No,2454,2333.0,181.0,360.0,0.0,Urban,N,4787.0,0.03781073741382912,26.447513812154696,5.204006687076795,8.473868066677865
Male,Yes,0,Graduate,No,3593,4266.0,132.0,180.0,0.0,Rural,N,7859.0,0.01679603002926581,59.53787878787879,4.890349128221754,8.969541885423252
Male,Yes,1,Graduate,No,5468,1032.0,26.0,360.0,1.0,Semiurban,Y,6500.0,0.004,250.0,3.295836866004329,8.77971129020447
Female,No,0,Graduate,No,2667,1625.0,84.0,360.0,1.0,Urban,Y,4292.0,0.0195712954333644,51.095238095238095,4.442651256490317,8.36474106822456
Male,Yes,3,Graduate,Yes,10139,0.0,260.0,360.0,1.0,Semiurban,Y,10139.0,0.025643554591182564,38.996153846153845,5.564520407322694,9.224243277145174
Male,Yes,0,Graduate,No,3887,2669.0,162.0,360.0,1.0,Semiurban,Y,6556.0,0.02471018913971934,40.46913580246913,5.093750200806762,8.788288460263619
Female,Yes,0,Graduate,No,4180,2306.0,182.0,360.0,1.0,Semiurban,Y,6486.0,0.028060437866173297,35.637362637362635,5.209486152841421,8.777555453213056
Male,Yes,2,Not Graduate,No,3675,242.0,108.0,360.0,1.0,Semiurban,Y,3917.0,0.027572121521572634,36.26851851851852,4.6913478822291435,8.273336598504486
Female,Yes,1,Graduate,Yes,19484,0.0,600.0,360.0,1.0,Semiurban,Y,19484.0,0.03079449804968179,32.473333333333336,6.398594934535208,9.87740021777281
Male,Yes,0,Graduate,No,5923,2054.0,211.0,360.0,1.0,Rural,Y,7977.0,0.02645104675943337,37.80568720379147,5.356586274672012,8.984443032465352
Male,No,0,Not Graduate,Yes,5800,0.0,132.0,360.0,1.0,Semiurban,Y,5800.0,0.022758620689655173,43.93939393939394,4.890349128221754,8.665785595466064
Male,Yes,2,Graduate,No,8799,0.0,258.0,360.0,0.0,Urban,N,8799.0,0.029321513808387316,34.104651162790695,5.556828061699537,9.082507000466299
Male,Yes,0,Not Graduate,No,4467,0.0,120.0,360.0,1.0,Rural,Y,4467.0,0.026863666890530557,37.225,4.795790545596741,8.404696160189092
Male,No,0,Graduate,No,3333,0.0,70.0,360.0,1.0,Urban,Y,3333.0,0.021002100210021003,47.614285714285714,4.2626798770413155,8.111928063310739
Male,Yes,3,Graduate,No,3400,2500.0,123.0,360.0,0.0,Rural,N,5900.0,0.020847457627118645,47.96747967479675,4.820281565605037,8.682877107057168
Female,No,0,Graduate,No,2378,0.0,9.0,360.0,1.0,Urban,N,2378.0,0.0037846930193439865,264.22222222222223,2.302585092994046,7.774435510302958
Male,Yes,0,Graduate,No,3166,2064.0,104.0,360.0,0.0,Urban,N,5230.0,0.01988527724665392,50.28846153846154,4.653960350157523,8.562357743370612
Male,Yes,1,Graduate,No,3417,1750.0,186.0,360.0,1.0,Urban,Y,5167.0,0.035997677569189084,27.77956989247312,5.231108616854587,8.550241045462437
Male,Yes,0,Graduate,No,5116,1451.0,165.0,360.0,0.0,Urban,N,6567.0,0.02512562814070352,39.8,5.111987788356544,8.789964651132264
Male,Yes,2,Graduate,No,16666,0.0,275.0,360.0,1.0,Urban,Y,16666.0,0.016500660026401055,60.60363636363636,5.62040086571715,9.721185995542177
Male,Yes,2,Not Graduate,No,6125,1625.0,187.0,480.0,1.0,Semiurban,N,7750.0,0.024129032258064516,41.44385026737968,5.236441962829949,8.955577146281511
Male,Yes,3,Graduate,No,6406,0.0,150.0,360.0,1.0,Semiurban,N,6406.0,0.023415547923821417,42.70666666666666,5.017279836814924,8.765146421639022
Male,Yes,2,Graduate,No,3159,461.0,108.0,84.0,1.0,Urban,Y,3620.0,0.02983425414364641,33.51851851851852,4.6913478822291435,8.19450550976564
Male,Yes,0,Graduate,No,3087,2210.0,136.0,360.0,0.0,Semiurban,N,5297.0,0.02567491032659996,38.9485294117647,4.919980925828125,8.575084669832014
Male,No,0,Graduate,No,3229,2739.0,110.0,360.0,1.0,Urban,Y,5968.0,0.018431635388739945,54.25454545454546,4.709530201312334,8.69433468816865
Male,Yes,1,Graduate,No,1782,2232.0,107.0,360.0,1.0,Rural,Y,4014.0,0.02665670154459392,37.51401869158879,4.68213122712422,8.297792626380861
Male,No,0,Graduate,No,3182,2917.0,161.0,360.0,1.0,Urban,Y,6099.0,0.026397770126250206,37.88198757763975,5.087596335232384,8.716044050161402
Male,Yes,2,Graduate,No,6540,0.0,205.0,360.0,1.0,Semiurban,Y,6540.0,0.03134556574923547,31.902439024390244,5.327876168789581,8.785845337961213
Male,No,0,Graduate,No,1836,33837.0,90.0,360.0,1.0,Urban,N,35673.0,0.0025229164914641325,396.3666666666667,4.51085950651685,10.482177411118249
Female,Yes,0,Graduate,No,3166,0.0,36.0,360.0,1.0,Semiurban,Y,3166.0,0.011370814908401769,87.94444444444444,3.6109179126442243,8.06054004653864
Male,Yes,1,Graduate,No,1880,0.0,61.0,360.0,1.0,Rural,N,1880.0,0.032446808510638296,30.81967213114754,4.127134385045092,7.53955882930103
Male,Yes,1,Graduate,No,2787,1917.0,146.0,360.0,0.0,Rural,N,4704.0,0.031037414965986394,32.21917808219178,4.990432586778736,8.45638105201948
Male,Yes,1,Graduate,No,4283,3000.0,172.0,84.0,1.0,Rural,N,7283.0,0.02361664149388988,42.343023255813954,5.153291594497779,8.8934354408475
Male,Yes,0,Graduate,No,2297,1522.0,104.0,360.0,1.0,Urban,Y,3819.0,0.027232259753862266,36.72115384615385,4.653960350157523,8.24800570160062
Female,No,0,Not Graduate,No,2165,0.0,70.0,360.0,1.0,Semiurban,Y,2165.0,0.03233256351039261,30.928571428571427,4.2626798770413155,7.680637427560936
Male,No,0,Graduate,No,4750,0.0,94.0,360.0,1.0,Semiurban,Y,4750.0,0.019789473684210527,50.53191489361702,4.553876891600541,8.46611040118692
Male,Yes,2,Graduate,Yes,2726,0.0,106.0,360.0,0.0,Semiurban,N,2726.0,0.03888481291269259,25.71698113207547,4.672828834461906,7.910957382845589
Male,Yes,0,Graduate,No,3000,3416.0,56.0,180.0,1.0,Semiurban,Y,6416.0,0.008728179551122194,114.57142857142857,4.04305126783455,8.766705997750515
Male,Yes,2,Graduate,Yes,6000,0.0,205.0,240.0,1.0,Semiurban,N,6000.0,0.034166666666666665,29.26829268292683,5.327876168789581,8.699681400989514
Male,No,3,Graduate,Yes,9357,0.0,292.0,360.0,1.0,Semiurban,Y,9357.0,0.031206583306615368,32.044520547945204,5.680172609017068,9.143986871426161
Male,Yes,0,Graduate,No,3859,3300.0,142.0,180.0,1.0,Rural,Y,7159.0,0.019835172510127112,50.41549295774648,4.962844630259907,8.87626525995469
Male,Yes,0,Graduate,Yes,16120,0.0,260.0,360.0,1.0,Urban,Y,16120.0,0.016129032258064516,62.0,5.564520407322694,9.687878048875998
Male,No,0,Not Graduate,No,3833,0.0,110.0,360.0,1.0,Rural,Y,3833.0,0.02869814766501435,34.845454545454544,4.709530201312334,8.251663923605589
Male,Yes,2,Not Graduate,Yes,6383,1000.0,187.0,360.0,1.0,Rural,N,7383.0,0.025328457266693756,39.481283422459896,5.236441962829949,8.907070776182689
Male,No,0,Graduate,No,2987,0.0,88.0,360.0,0.0,Semiurban,N,2987.0,0.02946099765651155,33.94318181818182,4.48863636973214,8.002359546252707
Male,Yes,0,Graduate,Yes,9963,0.0,180.0,360.0,1.0,Rural,Y,9963.0,0.018066847335140017,55.35,5.198497031265826,9.20673387638207
Male,Yes,2,Graduate,No,5780,0.0,192.0,360.0,1.0,Urban,Y,5780.0,0.03321799307958478,30.104166666666668,5.262690188904886,8.662331957082475
Female,No,3,Graduate,No,416,41667.0,350.0,180.0,1.0,Urban,N,42083.0,0.00831689755958463,120.23714285714286,5.860786223465865,10.647422899928179
Male,Yes,0,Not Graduate,No,2894,2792.0,155.0,360.0,1.0,Rural,Y,5686.0,0.027259936686598662,36.68387096774194,5.049856007249537,8.645938147306799
Male,Yes,3,Graduate,No,5703,0.0,128.0,360.0,1.0,Urban,Y,5703.0,0.02244432754690514,44.5546875,4.859812404361672,8.648922962094131
Male,No,0,Graduate,No,3676,4301.0,172.0,360.0,1.0,Rural,Y,7977.0,0.021561990723329573,46.377906976744185,5.153291594497779,8.984443032465352
Female,Yes,1,Graduate,No,12000,0.0,496.0,360.0,1.0,Semiurban,Y,12000.0,0.04133333333333333,24.193548387096776,6.208590026096629,9.392745258631441
Male,Yes,0,Not Graduate,No,2400,3800.0,128.0,180.0,1.0,Urban,N,6200.0,0.02064516129032258,48.4375,4.859812404361672,8.732465848349879
Male,Yes,1,Graduate,No,3400,2500.0,173.0,360.0,1.0,Semiurban,Y,5900.0,0.029322033898305084,34.104046242774565,5.159055299214529,8.682877107057168
Male,Yes,2,Not Graduate,No,3987,1411.0,157.0,360.0,1.0,Rural,Y,5398.0,0.029084846239347907,34.382165605095544,5.062595033026967,8.593969030218288
Male,Yes,0,Graduate,No,3232,1950.0,108.0,360.0,1.0,Rural,Y,5182.0,0.020841373986877652,47.98148148148148,4.6913478822291435,8.553139318189707
Female,No,0,Graduate,No,2900,0.0,71.0,360.0,1.0,Rural,Y,2900.0,0.024482758620689656,40.84507042253521,4.276666119016055,7.972810784121404
Male,Yes,3,Graduate,No,4106,0.0,40.0,180.0,1.0,Rural,Y,4106.0,0.00974184120798831,102.65,3.713572066704308,8.320448113956559
Male,Yes,1,Graduate,No,8072,240.0,253.0,360.0,1.0,Urban,Y,8312.0,0.030437921077959576,32.85375494071146,5.537334267018537,9.025575833531088
Male,Yes,2,Graduate,No,7583,0.0,187.0,360.0,1.0,Urban,Y,7583.0,0.024660424634049848,40.55080213903744,5.236441962829949,8.933796043934858
Female,No,0,Graduate,Yes,4583,0.0,133.0,360.0,0.0,Semiurban,N,4583.0,0.02902029238490072,34.45864661654135,4.897839799950911,8.430327258394575
